,nse_symbol,screener_symbol,screener_url,nse_name,ticker_symbol
0,RELIANCE,RELIANCE,https://www.screener.in/company/RELIANCE/consolidated/,Reliance Industries Limited,RELIANCE
1,TCS,TCS,https://www.screener.in/company/TCS/consolidated/,Tata Consultancy Services Limited,TCS
2,HDFCBANK,HDFCBANK,https://www.screener.in/company/HDFCBANK/consolidated/,HDFC Bank Limited,HDFCBANK
3,ICICIBANK,ICICIBANK,https://www.screener.in/company/ICICIBANK/consolidated/,HDFC Bank Limited,ICICIBANK
4,BHARTIARTL,BHARTIARTL,https://www.screener.in/company/BHARTIARTL/consolidated/,Bharti Airtel Limited,BHARTIARTL
5,SBIN,SBIN,https://www.screener.in/company/SBIN/consolidated/,State Bank of India,SBIN
6,INFY,INFY,https://www.screener.in/company/INFY/consolidated/,Infosys Limited,INFY
7,LICI,LICI,https://www.screener.in/company/LICI/consolidated/,Life Insurance Corporation Of India,LICI
8,ITC,ITC,https://www.screener.in/company/ITC/consolidated/,ITC Limited,ITC
9,HINDUNILVR,HINDUNILVR,https://www.screener.in/company/HINDUNILVR/consolidated/,Hindustan Unilever Limited,HINDUNILVR
10,LT,LT,https://www.screener.in/company/LT/consolidated/,Larsen & Toubro Limited,LT
11,BAJFINANCE,BAJFINANCE,https://www.screener.in/company/BAJFINANCE/consolidated/,Bajaj Finance Limited,BAJFINANCE
12,HCLTECH,HCLTECH,https://www.screener.in/company/HCLTECH/consolidated/,HCL Technologies Limited,HCLTECH
13,MARUTI,MARUTI,https://www.screener.in/company/MARUTI/consolidated/,Maruti Suzuki India Limited,MARUTI
14,SUNPHARMA,SUNPHARMA,https://www.screener.in/company/SUNPHARMA/consolidated/,Sun Pharmaceutical Industries Limited,SUNPHARMA
15,ADANIENT,ADANIENT,https://www.screener.in/company/ADANIENT/consolidated/,Adani Enterprises Limited,ADANIENT
16,KOTAKBANK,KOTAKBANK,https://www.screener.in/company/KOTAKBANK/consolidated/,Kotak Mahindra Bank Limited,KOTAKBANK
17,TITAN,TITAN,https://www.screener.in/company/TITAN/consolidated/,Titan Company Limited,TITAN
18,ONGC,ONGC,https://www.screener.in/company/ONGC/consolidated/,Oil & Natural Gas Corporation Limited,ONGC
19,TATAMOTORS,TATAMOTORS,https://www.screener.in/company/TATAMOTORS/consolidated/,Tata Motors Limited,TATAMOTORS
20,NTPC,NTPC,https://www.screener.in/company/NTPC/consolidated/,NTPC Limited,NTPC
21,AXISBANK,AXISBANK,https://www.screener.in/company/AXISBANK/consolidated/,Axis Bank Limited,AXISBANK
22,DMART,DMART,https://www.screener.in/company/DMART/consolidated/,Avenue Supermarts Limited,DMART
23,ADANIGREEN,ADANIGREEN,https://www.screener.in/company/ADANIGREEN/consolidated/,Adani Green Energy Limited,ADANIGREEN
24,ADANIPORTS,ADANIPORTS,https://www.screener.in/company/ADANIPORTS/consolidated/,Adani Ports and Special Economic Zone Limited,ADANIPORTS
25,ULTRACEMCO,ULTRACEMCO,https://www.screener.in/company/ULTRACEMCO/consolidated/,UltraTech Cement Limited,ULTRACEMCO
26,ASIANPAINT,ASIANPAINT,https://www.screener.in/company/ASIANPAINT/consolidated/,Asian Paints Limited,ASIANPAINT
27,COALINDIA,COALINDIA,https://www.screener.in/company/COALINDIA/consolidated/,Coal India Limited,COALINDIA
28,BAJAJFINSV,BAJAJFINSV,https://www.screener.in/company/BAJAJFINSV/consolidated/,Bajaj Finserv Limited,BAJAJFINSV
29,BAJAJ-AUTO,BAJAJ-AUTO,https://www.screener.in/company/BAJAJ-AUTO/consolidated/,Bajaj Auto Limited,BAJAJ-AUTO
30,POWERGRID,POWERGRID,https://www.screener.in/company/POWERGRID/consolidated/,Power Grid Corporation of India Limited,POWERGRID
31,NESTLEIND,NESTLEIND,https://www.screener.in/company/NESTLEIND/,Nestle India Limited,NESTLEIND
32,WIPRO,WIPRO,https://www.screener.in/company/WIPRO/consolidated/,Wipro Limited,WIPRO
33,M&M,M&M,https://www.screener.in/company/M&M/consolidated/,Mahindra & Mahindra Limited,M&M
34,IOC,IOC,https://www.screener.in/company/IOC/consolidated/,Indian Oil Corporation Limited,IOC
35,JIOFIN,JIOFIN,https://www.screener.in/company/JIOFIN/consolidated/,Jio Financial Services Limited,JIOFIN
36,HAL,HAL,https://www.screener.in/company/HAL/,Hindustan Aeronautics Limited,HAL
37,DLF,DLF,https://www.screener.in/company/DLF/consolidated/,DLF Limited,DLF
38,ADANIPOWER,ADANIPOWER,https://www.screener.in/company/ADANIPOWER/consolidated/,Adani Power Limited,ADANIPOWER
39,JSWSTEEL,JSWSTEEL,https://www.screener.in/company/JSWSTEEL/consolidated/,JSW Steel Limited,JSWSTEEL
40,TATASTEEL,TATASTEEL,https://www.screener.in/company/TATASTEEL/consolidated/,Tata Steel Limited,TATASTEEL
41,SIEMENS,SIEMENS,https://www.screener.in/company/SIEMENS/consolidated/,Siemens Limited,SIEMENS
42,IRFC,IRFC,https://www.screener.in/company/IRFC/,Indian Railway Finance Corporation Limited,IRFC
43,VBL,VBL,https://www.screener.in/company/VBL/consolidated/,Varun Beverages Limited,VBL
44,ZOMATO,ZOMATO,https://www.screener.in/company/ZOMATO/consolidated/,Zomato Limited,ZOMATO
45,PIDILITIND,PIDILITIND,https://www.screener.in/company/PIDILITIND/consolidated/,Pidilite Industries Limited,PIDILITIND
46,GRASIM,GRASIM,https://www.screener.in/company/GRASIM/consolidated/,Grasim Industries Limited,GRASIM
47,SBILIFE,SBILIFE,https://www.screener.in/company/SBILIFE/,SBI Life Insurance Company Limited,SBILIFE
48,BEL,BEL,https://www.screener.in/company/BEL/consolidated/,Bharat Electronics Limited,BEL
49,LTIM,LTIM,https://www.screener.in/company/LTIM/consolidated/,LTIMindtree Limited,LTIM
50,TRENT,TRENT,https://www.screener.in/company/TRENT/consolidated/,Trent Limited,TRENT
51,PNB,PNB,https://www.screener.in/company/PNB/consolidated/,Punjab National Bank,PNB
52,INDIGO,INDIGO,https://www.screener.in/company/INDIGO/,InterGlobe Aviation Limited,INDIGO
53,BANKBARODA,BANKBARODA,https://www.screener.in/company/BANKBARODA/consolidated/,Bank of Baroda,BANKBARODA
54,HDFCLIFE,HDFCLIFE,https://www.screener.in/company/HDFCLIFE/consolidated/,HDFC Life Insurance Company Limited,HDFCLIFE
55,ABB,ABB,https://www.screener.in/company/ABB/,ABB India Limited,ABB
56,BPCL,BPCL,https://www.screener.in/company/BPCL/consolidated/,Bharat Petroleum Corporation Limited,BPCL
57,PFC,PFC,https://www.screener.in/company/PFC/consolidated/,Power Finance Corporation Limited,PFC
58,GODREJCP,GODREJCP,https://www.screener.in/company/GODREJCP/consolidated/,Godrej Consumer Products Limited,GODREJCP
59,TATAPOWER,TATAPOWER,https://www.screener.in/company/TATAPOWER/consolidated/,Tata Power Company Limited,TATAPOWER
60,HINDALCO,HINDALCO,https://www.screener.in/company/HINDALCO/consolidated/,Hindalco Industries Limited,HINDALCO
61,HINDZINC,HINDZINC,https://www.screener.in/company/HINDZINC/,Hindustan Zinc Limited,HINDZINC
62,TECHM,TECHM,https://www.screener.in/company/TECHM/consolidated/,Tech Mahindra Limited,TECHM
63,AMBUJACEM,AMBUJACEM,https://www.screener.in/company/AMBUJACEM/consolidated/,Ambuja Cements Limited,AMBUJACEM
64,INDUSINDBK,INDUSINDBK,https://www.screener.in/company/INDUSINDBK/,IndusInd Bank Limited,INDUSINDBK
65,CIPLA,CIPLA,https://www.screener.in/company/CIPLA/consolidated/,Cipla Limited,CIPLA
66,GAIL,GAIL,https://www.screener.in/company/GAIL/consolidated/,GAIL (India) Limited,GAIL
67,RECLTD,RECLTD,https://www.screener.in/company/RECLTD/consolidated/,REC Limited,RECLTD
68,BRITANNIA,BRITANNIA,https://www.screener.in/company/BRITANNIA/consolidated/,Britannia Industries Limited,BRITANNIA
69,UNIONBANK,UNIONBANK,https://www.screener.in/company/UNIONBANK/consolidated/,Union Bank of India,UNIONBANK
70,ADANIENSOL,ADANIENSOL,https://www.screener.in/company/ADANIENSOL/consolidated/,Adani Energy Solutions Limited,ADANIENSOL
71,IOB,IOB,https://www.screener.in/company/IOB/,Indian Overseas Bank,IOB
72,LODHA,LODHA,https://www.screener.in/company/LODHA/consolidated/,Macrotech Developers Limited,LODHA
73,EICHERMOT,EICHERMOT,https://www.screener.in/company/EICHERMOT/consolidated/,Eicher Motors Limited,EICHERMOT
74,CANBK,CANBK,https://www.screener.in/company/CANBK/consolidated/,Canara Bank,CANBK
75,TATACONSUM,TATACONSUM,https://www.screener.in/company/TATACONSUM/consolidated/,TATA CONSUMER PRODUCTS LIMITED,TATACONSUM
76,DRREDDY,DRREDDY,https://www.screener.in/company/DRREDDY/consolidated/,Dr. Reddy's Laboratories Limited,DRREDDY
77,TVSMOTOR,TVSMOTOR,https://www.screener.in/company/TVSMOTOR/consolidated/,TVS Motor Company Limited,TVSMOTOR
78,ZYDUSLIFE,ZYDUSLIFE,https://www.screener.in/company/ZYDUSLIFE/consolidated/,Zydus Lifesciences Limited,ZYDUSLIFE
79,ATGL,ATGL,https://www.screener.in/company/ATGL/consolidated/,Adani Total Gas Limited,ATGL
80,VEDL,VEDL,https://www.screener.in/company/VEDL/consolidated/,Vedanta Limited,VEDL
81,CHOLAFIN,CHOLAFIN,https://www.screener.in/company/CHOLAFIN/consolidated/,Cholamandalam Investment and Finance Company Limited,CHOLAFIN
82,HAVELLS,HAVELLS,https://www.screener.in/company/HAVELLS/consolidated/,Havells India Limited,HAVELLS
83,HEROMOTOCO,HEROMOTOCO,https://www.screener.in/company/HEROMOTOCO/consolidated/,Hero MotoCorp Limited,HEROMOTOCO
84,DABUR,DABUR,https://www.screener.in/company/DABUR/consolidated/,Dabur India Limited,DABUR
85,SHREECEM,SHREECEM,https://www.screener.in/company/SHREECEM/consolidated/,SHREE CEMENT LIMITED,SHREECEM
86,MANKIND,MANKIND,https://www.screener.in/company/MANKIND/,Mankind Pharma Limited,MANKIND
87,BAJAJHLDNG,BAJAJHLDNG,https://www.screener.in/company/BAJAJHLDNG/consolidated/,Bajaj Holdings & Investment Limited,BAJAJHLDNG
88,DIVISLAB,DIVISLAB,https://www.screener.in/company/DIVISLAB/consolidated/,Divi's Laboratories Limited,DIVISLAB
89,APOLLOHOSP,APOLLOHOSP,https://www.screener.in/company/APOLLOHOSP/consolidated/,Apollo Hospitals Enterprise Limited,APOLLOHOSP
90,NHPC,NHPC,https://www.screener.in/company/NHPC/consolidated/,NHPC Limited,NHPC
91,SHRIRAMFIN,SHRIRAMFIN,https://www.screener.in/company/SHRIRAMFIN/consolidated/,Shriram Finance Limited,SHRIRAMFIN
92,BOSCHLTD,BOSCHLTD,https://www.screener.in/company/BOSCHLTD/,Bosch Limited,BOSCHLTD
93,TORNTPHARM,TORNTPHARM,https://www.screener.in/company/TORNTPHARM/consolidated/,Torrent Pharmaceuticals Limited,TORNTPHARM
94,ICICIPRULI,ICICIPRULI,https://www.screener.in/company/ICICIPRULI/consolidated/,ICICI Prudential Life Insurance Company Limited,ICICIPRULI
95,IDBI,IDBI,https://www.screener.in/company/IDBI/consolidated/,IDBI Bank Limited,IDBI
96,JSWENERGY,JSWENERGY,https://www.screener.in/company/JSWENERGY/consolidated/,JSW Energy Limited,JSWENERGY
97,JINDALSTEL,JINDALSTEL,https://www.screener.in/company/JINDALSTEL/consolidated/,Jindal Steel & Power Limited,JINDALSTEL
98,BHEL,BHEL,https://www.screener.in/company/BHEL/consolidated/,Bharat Heavy Electricals Limited,BHEL
99,INDHOTEL,INDHOTEL,https://www.screener.in/company/INDHOTEL/consolidated/,The Indian Hotels Company Limited,INDHOTEL
100,CUMMINSIND,CUMMINSIND,https://www.screener.in/company/CUMMINSIND/,Cummins India Limited,CUMMINSIND
101,ICICIGI,ICICIGI,https://www.screener.in/company/ICICIGI/,ICICI Lombard General Insurance Company Limited,ICICIGI
102,CGPOWER,CGPOWER,https://www.screener.in/company/CGPOWER/consolidated/,CG Power and Industrial Solutions Limited,CGPOWER
103,UNITDSPR,UNITDSPR,https://www.screener.in/company/UNITDSPR/consolidated/,United Spirits Limited,UNITDSPR
104,HDFCAMC,HDFCAMC,https://www.screener.in/company/HDFCAMC/,HDFC Asset Management Company Limited,HDFCAMC
105,MAXHEALTH,MAXHEALTH,https://www.screener.in/company/MAXHEALTH/consolidated/,Max Healthcare Institute Limited,MAXHEALTH
106,SOLARINDS,SOLARINDS,https://www.screener.in/company/SOLARINDS/consolidated/,Solar Industries India Limited,SOLARINDS
107,MOTHERSON,MOTHERSON,https://www.screener.in/company/MOTHERSON/consolidated/,Samvardhana Motherson International Limited,MOTHERSON
108,INDUSTOWER,INDUSTOWER,https://www.screener.in/company/INDUSTOWER/consolidated/,Indus Towers Limited,INDUSTOWER
109,POLYCAB,POLYCAB,https://www.screener.in/company/POLYCAB/consolidated/,Polycab India Limited,POLYCAB
110,OFSS,OFSS,https://www.screener.in/company/OFSS/consolidated/,Oracle Financial Services Software Limited,OFSS
111,SRF,SRF,https://www.screener.in/company/SRF/consolidated/,SRF Limited,SRF
112,IRCTC,IRCTC,https://www.screener.in/company/IRCTC/,Indian Railway Catering And Tourism Corporation Limited,IRCTC
113,COLPAL,COLPAL,https://www.screener.in/company/COLPAL/,Colgate Palmolive (India) Limited,COLPAL
114,LUPIN,LUPIN,https://www.screener.in/company/LUPIN/consolidated/,Lupin Limited,LUPIN
115,NAUKRI,NAUKRI,https://www.screener.in/company/NAUKRI/consolidated/,Info Edge (India) Limited,NAUKRI
116,TIINDIA,TIINDIA,https://www.screener.in/company/TIINDIA/consolidated/,Tube Investments of India Limited,TIINDIA
117,INDIANB,INDIANB,https://www.screener.in/company/INDIANB/consolidated/,Indian Bank,INDIANB
118,HINDPETRO,HINDPETRO,https://www.screener.in/company/HINDPETRO/consolidated/,Hindustan Petroleum Corporation Limited,HINDPETRO
119,BERGEPAINT,BERGEPAINT,https://www.screener.in/company/BERGEPAINT/consolidated/,Berger Paints (I) Limited,BERGEPAINT
120,YESBANK,YESBANK,https://www.screener.in/company/YESBANK/consolidated/,Yes Bank Limited,YESBANK
121,TORNTPOWER,TORNTPOWER,https://www.screener.in/company/TORNTPOWER/consolidated/,Torrent Power Limited,TORNTPOWER
122,OIL,OIL,https://www.screener.in/company/OIL/consolidated/,Oil India Limited,OIL
123,SBICARD,SBICARD,https://www.screener.in/company/SBICARD/,SBI Cards and Payment Services Limited,SBICARD
124,IDEA,IDEA,https://www.screener.in/company/IDEA/consolidated/,Vodafone Idea Limited,IDEA
125,MARICO,MARICO,https://www.screener.in/company/MARICO/consolidated/,Marico Limited,MARICO
126,GODREJPROP,GODREJPROP,https://www.screener.in/company/GODREJPROP/consolidated/,Godrej Properties Limited,GODREJPROP
127,AUROPHARMA,AUROPHARMA,https://www.screener.in/company/AUROPHARMA/consolidated/,Aurobindo Pharma Limited,AUROPHARMA
128,UCOBANK,UCOBANK,https://www.screener.in/company/UCOBANK/,UCO Bank,UCOBANK
129,BANKINDIA,BANKINDIA,https://www.screener.in/company/BANKINDIA/consolidated/,Bank of India,BANKINDIA
130,PERSISTENT,PERSISTENT,https://www.screener.in/company/PERSISTENT/consolidated/,Persistent Systems Limited,PERSISTENT
131,MUTHOOTFIN,MUTHOOTFIN,https://www.screener.in/company/MUTHOOTFIN/,Muthoot Finance Limited,MUTHOOTFIN
132,NMDC,NMDC,https://www.screener.in/company/NMDC/consolidated/,NMDC Limited,NMDC
133,ALKEM,ALKEM,https://www.screener.in/company/ALKEM/consolidated/,Alkem Laboratories Limited,ALKEM
134,PIIND,PIIND,https://www.screener.in/company/PIIND/consolidated/,PI Industries Limited,PIIND
135,LTTS,LTTS,https://www.screener.in/company/LTTS/,L&T Technology Services Limited,LTTS
136,GICRE,GICRE,https://www.screener.in/company/GICRE/consolidated/,General Insurance Corporation of India,GICRE
137,TATACOMM,TATACOMM,https://www.screener.in/company/TATACOMM/consolidated/,Tata Communications Limited,TATACOMM
138,JSL,JSL,https://www.screener.in/company/JSL/consolidated/,Jindal Stainless Limited,JSL
139,MRF,MRF,https://www.screener.in/company/MRF/consolidated/,MRF Limited,MRF
140,SAIL,SAIL,https://www.screener.in/company/SAIL/consolidated/,Steel Authority of India Limited,SAIL
141,PGHH,PGHH,https://www.screener.in/company/PGHH/,Procter & Gamble Hygiene and Health Care Limited,PGHH
142,SUZLON,SUZLON,https://www.screener.in/company/SUZLON/consolidated/,Suzlon Energy Limited,SUZLON
143,LINDEINDIA,LINDEINDIA,https://www.screener.in/company/LINDEINDIA/,Linde India Limited,LINDEINDIA
144,SUPREMEIND,SUPREMEIND,https://www.screener.in/company/SUPREMEIND/consolidated/,Supreme Industries Limited,SUPREMEIND
145,CONCOR,CONCOR,https://www.screener.in/company/CONCOR/consolidated/,Container Corporation of India Limited,CONCOR
146,OBEROIRLTY,OBEROIRLTY,https://www.screener.in/company/OBEROIRLTY/consolidated/,Oberoi Realty Limited,OBEROIRLTY
147,ASTRAL,ASTRAL,https://www.screener.in/company/ASTRAL/consolidated/,Astral Limited,ASTRAL
148,IDFCFIRSTB,IDFCFIRSTB,https://www.screener.in/company/IDFCFIRSTB/consolidated/,IDFC First Bank Limited,IDFCFIRSTB
149,RVNL,RVNL,https://www.screener.in/company/RVNL/,Rail Vikas Nigam Limited,RVNL
150,BHARATFORG,BHARATFORG,https://www.screener.in/company/BHARATFORG/consolidated/,Bharat Forge Limited,BHARATFORG
151,CENTRALBK,CENTRALBK,https://www.screener.in/company/CENTRALBK/consolidated/,Central Bank of India,CENTRALBK
152,JSWINFRA,JSWINFRA,https://www.screener.in/company/JSWINFRA/consolidated/,JSW Infrastructure Limited,JSWINFRA
153,POLICYBZR,POLICYBZR,https://www.screener.in/company/POLICYBZR/consolidated/,PB Fintech Limited,POLICYBZR
154,ASHOKLEY,ASHOKLEY,https://www.screener.in/company/ASHOKLEY/consolidated/,Ashok Leyland Limited,ASHOKLEY
155,THERMAX,THERMAX,https://www.screener.in/company/THERMAX/consolidated/,Thermax Limited,THERMAX
156,PHOENIXLTD,PHOENIXLTD,https://www.screener.in/company/PHOENIXLTD/consolidated/,The Phoenix Mills Limited,PHOENIXLTD
157,GMRAIRPORT,GMRAIRPORT,https://www.screener.in/company/GMRAIRPORT/consolidated/,GMR Airports Infrastructure Limited,GMRAIRPORT
158,TATAELXSI,TATAELXSI,https://www.screener.in/company/TATAELXSI/,Tata Elxsi Limited,TATAELXSI
159,PATANJALI,PATANJALI,https://www.screener.in/company/PATANJALI/,Patanjali Foods Limited,PATANJALI
160,SJVN,SJVN,https://www.screener.in/company/SJVN/consolidated/,SJVN Limited,SJVN
161,PRESTIGE,PRESTIGE,https://www.screener.in/company/PRESTIGE/consolidated/,Prestige Estates Projects Limited,PRESTIGE
162,ACC,ACC,https://www.screener.in/company/ACC/consolidated/,ACC Limited,ACC
163,NYKAA,NYKAA,https://www.screener.in/company/NYKAA/consolidated/,FSN E-Commerce Ventures Limited,NYKAA
164,SUNDARMFIN,SUNDARMFIN,https://www.screener.in/company/SUNDARMFIN/consolidated/,Sundaram Finance Limited,SUNDARMFIN
165,UBL,UBL,https://www.screener.in/company/UBL/consolidated/,United Breweries Limited,UBL
166,ABCAPITAL,ABCAPITAL,https://www.screener.in/company/ABCAPITAL/consolidated/,Aditya Birla Capital Limited,ABCAPITAL
167,MPHASIS,MPHASIS,https://www.screener.in/company/MPHASIS/consolidated/,MphasiS Limited,MPHASIS
168,BALKRISIND,BALKRISIND,https://www.screener.in/company/BALKRISIND/consolidated/,Balkrishna Industries Limited,BALKRISIND
169,DIXON,DIXON,https://www.screener.in/company/DIXON/consolidated/,Dixon Technologies (India) Limited,DIXON
170,MAHABANK,MAHABANK,https://www.screener.in/company/MAHABANK/consolidated/,Bank of Maharashtra,MAHABANK
171,KALYANKJIL,KALYANKJIL,https://www.screener.in/company/KALYANKJIL/consolidated/,Kalyan Jewellers India Limited,KALYANKJIL
172,SCHAEFFLER,SCHAEFFLER,https://www.screener.in/company/SCHAEFFLER/,Schaeffler India Limited,SCHAEFFLER
173,AWL,AWL,https://www.screener.in/company/AWL/,Adani Wilmar Limited,AWL
174,APLAPOLLO,APLAPOLLO,https://www.screener.in/company/APLAPOLLO/consolidated/,APL Apollo Tubes Limited,APLAPOLLO
175,TATATECH,TATATECH,https://www.screener.in/company/TATATECH/consolidated/,Tata Technologies Limited,TATATECH
176,SONACOMS,SONACOMS,https://www.screener.in/company/SONACOMS/consolidated/,Sona BLW Precision Forgings Limited,SONACOMS
177,KPITTECH,KPITTECH,https://www.screener.in/company/KPITTECH/consolidated/,KPIT Technologies Limited,KPITTECH
178,FACT,FACT,https://www.screener.in/company/FACT/,Fertilizers and Chemicals Travancore Limited,FACT
179,PSB,PSB,https://www.screener.in/company/PSB/,Punjab & Sind Bank,PSB
180,PETRONET,PETRONET,https://www.screener.in/company/PETRONET/,Petronet LNG Limited,PETRONET
182,UNOMINDA,UNOMINDA,https://www.screener.in/company/UNOMINDA/consolidated/,UNO Minda Limited,UNOMINDA
183,PAGEIND,PAGEIND,https://www.screener.in/company/PAGEIND/,Page Industries Limited,PAGEIND
184,MRPL,MRPL,https://www.screener.in/company/MRPL/consolidated/,Mangalore Refinery and Petrochemicals Limited,MRPL
185,AUBANK,AUBANK,https://www.screener.in/company/AUBANK/,AU Small Finance Bank Limited,AUBANK
186,MAZDOCK,MAZDOCK,https://www.screener.in/company/MAZDOCK/consolidated/,Mazagon Dock Shipbuilders Limited,MAZDOCK
187,HUDCO,HUDCO,https://www.screener.in/company/HUDCO/consolidated/,Housing & Urban Development Corporation Limited,HUDCO
188,GUJGASLTD,GUJGASLTD,https://www.screener.in/company/GUJGASLTD/,Gujarat Gas Limited,GUJGASLTD
189,NIACL,NIACL,https://www.screener.in/company/NIACL/consolidated/,The New India Assurance Company Limited,NIACL
190,CRISIL,CRISIL,https://www.screener.in/company/CRISIL/consolidated/,CRISIL Limited,CRISIL
191,AIAENG,AIAENG,https://www.screener.in/company/AIAENG/consolidated/,AIA Engineering Limited,AIAENG
192,FEDERALBNK,FEDERALBNK,https://www.screener.in/company/FEDERALBNK/consolidated/,The Federal Bank  Limited,FEDERALBNK
193,IREDA,IREDA,https://www.screener.in/company/IREDA/,Indian Renewable Energy Development Agency Limited,IREDA
194,VOLTAS,VOLTAS,https://www.screener.in/company/VOLTAS/consolidated/,Voltas Limited,VOLTAS
195,DALBHARAT,DALBHARAT,https://www.screener.in/company/DALBHARAT/consolidated/,Dalmia Bharat Limited,DALBHARAT
196,POONAWALLA,POONAWALLA,https://www.screener.in/company/POONAWALLA/consolidated/,Poonawalla Fincorp Limited,POONAWALLA
197,MEDANTA,MEDANTA,https://www.screener.in/company/MEDANTA/consolidated/,Global Health Limited,MEDANTA
198,IRB,IRB,https://www.screener.in/company/IRB/consolidated/,IRB Infrastructure Developers Limited,IRB
199,3MINDIA,3MINDIA,https://www.screener.in/company/3MINDIA/,3M India Limited,3MINDIA
200,MFSL,MFSL,https://www.screener.in/company/MFSL/consolidated/,Max Financial Services Limited,MFSL
201,M&MFIN,M&MFIN,https://www.screener.in/company/M&MFIN/consolidated/,Mahindra & Mahindra Financial Services Limited,SCRIP-132720
202,UPL,UPL,https://www.screener.in/company/UPL/consolidated/,UPL Limited,UPL
203,HONAUT,HONAUT,https://www.screener.in/company/HONAUT/,Honeywell Automation India Limited,HONAUT
204,BSE,BSE,https://www.screener.in/company/BSE/consolidated/,BSE Limited,BSE
205,FLUOROCHEM,FLUOROCHEM,https://www.screener.in/company/FLUOROCHEM/consolidated/,Gujarat Fluorochemicals Limited,FLUOROCHEM
206,COFORGE,COFORGE,https://www.screener.in/company/COFORGE/consolidated/,Coforge Limited,COFORGE
207,LICHSGFIN,LICHSGFIN,https://www.screener.in/company/LICHSGFIN/consolidated/,LIC Housing Finance Limited,LICHSGFIN
208,GLAXO,GLAXO,https://www.screener.in/company/GLAXO/consolidated/,GlaxoSmithKline Pharmaceuticals Limited,GLAXO
209,DELHIVERY,DELHIVERY,https://www.screener.in/company/DELHIVERY/consolidated/,Delhivery Limited,DELHIVERY
210,BDL,BDL,https://www.screener.in/company/BDL/,Bharat Dynamics Limited,BDL
211,STARHEALTH,STARHEALTH,https://www.screener.in/company/STARHEALTH/,Star Health and Allied Insurance Company Limited,STARHEALTH
212,FORTIS,FORTIS,https://www.screener.in/company/FORTIS/consolidated/,Fortis Healthcare Limited,FORTIS
213,BIOCON,BIOCON,https://www.screener.in/company/BIOCON/consolidated/,Biocon Limited,BIOCON
214,COROMANDEL,COROMANDEL,https://www.screener.in/company/COROMANDEL/consolidated/,Coromandel International Limited,COROMANDEL
215,NLCINDIA,NLCINDIA,https://www.screener.in/company/NLCINDIA/consolidated/,NLC India Limited,NLCINDIA
216,TATAINVEST,TATAINVEST,https://www.screener.in/company/TATAINVEST/consolidated/,Tata Investment Corporation Limited,TATAINVEST
217,JKCEMENT,JKCEMENT,https://www.screener.in/company/JKCEMENT/consolidated/,JK Cement Limited,JKCEMENT
218,IPCALAB,IPCALAB,https://www.screener.in/company/IPCALAB/consolidated/,IPCA Laboratories Limited,IPCALAB
219,METROBRAND,METROBRAND,https://www.screener.in/company/METROBRAND/consolidated/,Metro Brands Limited,METROBRAND
220,KEI,KEI,https://www.screener.in/company/KEI/,KEI Industries Limited,KEI
221,ESCORTS,ESCORTS,https://www.screener.in/company/ESCORTS/consolidated/,Escorts Kubota Limited,ESCORTS
222,LLOYDSME,LLOYDSME,https://www.screener.in/company/LLOYDSME/,Lloyds Metals And Energy Limited,LLOYDSME
223,GLAND,GLAND,https://www.screener.in/company/GLAND/consolidated/,Gland Pharma Limited,GLAND
224,IGL,IGL,https://www.screener.in/company/IGL/,Indraprastha Gas Limited,IGL
225,NAM-INDIA,NAM-INDIA,https://www.screener.in/company/NAM-INDIA/consolidated/,Nippon Life India Asset Management Limited,NAM-INDIA
226,APOLLOTYRE,APOLLOTYRE,https://www.screener.in/company/APOLLOTYRE/consolidated/,Apollo Tyres Limited,APOLLOTYRE
227,JUBLFOOD,JUBLFOOD,https://www.screener.in/company/JUBLFOOD/consolidated/,Jubilant Foodworks Limited,JUBLFOOD
228,POWERINDIA,POWERINDIA,https://www.screener.in/company/POWERINDIA/,Hitachi Energy India Limited,POWERINDIA
229,MSUMI,MSUMI,https://www.screener.in/company/MSUMI/,Motherson Sumi Wiring India Limited,MSUMI
230,BANDHANBNK,BANDHANBNK,https://www.screener.in/company/BANDHANBNK/,Bandhan Bank Limited,BANDHANBNK
231,DEEPAKNTR,DEEPAKNTR,https://www.screener.in/company/DEEPAKNTR/consolidated/,Deepak Nitrite Limited,DEEPAKNTR
232,ZFCVINDIA,ZFCVINDIA,https://www.screener.in/company/ZFCVINDIA/,ZF Commercial Vehicle Control Systems India Limited,ZFCVINDIA
233,AJANTPHARM,AJANTPHARM,https://www.screener.in/company/AJANTPHARM/consolidated/,Ajanta Pharma Limited,AJANTPHARM
234,KPRMILL,KPRMILL,https://www.screener.in/company/KPRMILL/consolidated/,K.P.R. Mill Limited,KPRMILL
235,SYNGENE,SYNGENE,https://www.screener.in/company/SYNGENE/consolidated/,Syngene International Limited,SYNGENE
236,EIHOTEL,EIHOTEL,https://www.screener.in/company/EIHOTEL/consolidated/,EIH Limited,EIHOTEL
237,APARINDS,APARINDS,https://www.screener.in/company/APARINDS/consolidated/,Apar Industries Limited,APARINDS
238,NATIONALUM,NATIONALUM,https://www.screener.in/company/NATIONALUM/,National Aluminium Company Limited,NATIONALUM
239,TATACHEM,TATACHEM,https://www.screener.in/company/TATACHEM/consolidated/,Tata Chemicals Limited,TATACHEM
240,GLENMARK,GLENMARK,https://www.screener.in/company/GLENMARK/consolidated/,Glenmark Pharmaceuticals Limited,GLENMARK
241,HINDCOPPER,HINDCOPPER,https://www.screener.in/company/HINDCOPPER/,Hindustan Copper Limited,HINDCOPPER
242,GODREJIND,GODREJIND,https://www.screener.in/company/GODREJIND/consolidated/,Godrej Industries Limited,GODREJIND
243,NH,NH,https://www.screener.in/company/NH/consolidated/,Narayana Hrudayalaya Ltd.,NH
244,BLUESTARCO,BLUESTARCO,https://www.screener.in/company/BLUESTARCO/consolidated/,Blue Star Limited,BLUESTARCO
245,EXIDEIND,EXIDEIND,https://www.screener.in/company/EXIDEIND/consolidated/,Exide Industries Limited,EXIDEIND
246,ENDURANCE,ENDURANCE,https://www.screener.in/company/ENDURANCE/consolidated/,Endurance Technologies Limited,ENDURANCE
247,JBCHEPHARM,JBCHEPHARM,https://www.screener.in/company/JBCHEPHARM/consolidated/,JB Chemicals & Pharmaceuticals Limited,JBCHEPHARM
248,PAYTM,PAYTM,https://www.screener.in/company/PAYTM/consolidated/,One 97 Communications Limited,PAYTM
249,ANGELONE,ANGELONE,https://www.screener.in/company/ANGELONE/consolidated/,Angel One Limited,ANGELONE
250,MOTILALOFS,MOTILALOFS,https://www.screener.in/company/MOTILALOFS/consolidated/,Motilal Oswal Financial Services Limited,MOTILALOFS
251,ITI,ITI,https://www.screener.in/company/ITI/,ITI Limited,ITI
252,360ONE,360ONE,https://www.screener.in/company/360ONE/consolidated/,360 ONE WAM LIMITED,360ONE
253,CARBORUNIV,CARBORUNIV,https://www.screener.in/company/CARBORUNIV/consolidated/,Carborundum Universal Limited,CARBORUNIV
254,AARTIIND,AARTIIND,https://www.screener.in/company/AARTIIND/consolidated/,Aarti Industries Limited,AARTIIND
255,SUNTV,SUNTV,https://www.screener.in/company/SUNTV/consolidated/,Sun TV Network Limited,SUNTV
256,KIOCL,KIOCL,https://www.screener.in/company/KIOCL/,KIOCL Limited,KIOCL
257,ISEC,ISEC,https://www.screener.in/company/ISEC/consolidated/,ICICI Securities Limited,ISEC
258,RADICO,RADICO,https://www.screener.in/company/RADICO/,Radico Khaitan Limited,RADICO
259,SUNDRMFAST,SUNDRMFAST,https://www.screener.in/company/SUNDRMFAST/consolidated/,Sundram Fasteners Limited,SUNDRMFAST
260,CREDITACC,CREDITACC,https://www.screener.in/company/CREDITACC/,CREDITACCESS GRAMEEN LIMITED,CREDITACC
261,COCHINSHIP,COCHINSHIP,https://www.screener.in/company/COCHINSHIP/,Cochin Shipyard Limited,COCHINSHIP
262,HATSUN,HATSUN,https://www.screener.in/company/HATSUN/,Hatsun Agro Product Limited,HATSUN
263,MANYAVAR,MANYAVAR,https://www.screener.in/company/MANYAVAR/consolidated/,Vedant Fashions Limited,MANYAVAR
264,CYIENT,CYIENT,https://www.screener.in/company/CYIENT/consolidated/,Cyient Limited,CYIENT
265,BRIGADE,BRIGADE,https://www.screener.in/company/BRIGADE/consolidated/,Brigade Enterprises Limited,BRIGADE
266,TIMKEN,TIMKEN,https://www.screener.in/company/TIMKEN/,Timken India Limited,TIMKEN
267,NBCC,NBCC,https://www.screener.in/company/NBCC/consolidated/,NBCC (India) Limited,NBCC
268,JBMA,JBMA,https://www.screener.in/company/JBMA/consolidated/,JBM Auto Limited,JBMA
269,GILLETTE,GILLETTE,https://www.screener.in/company/GILLETTE/,Gillette India Limited,GILLETTE
270,KANSAINER,KANSAINER,https://www.screener.in/company/KANSAINER/consolidated/,Kansai Nerolac Paints Limited,KANSAINER
271,LAURUSLABS,LAURUSLABS,https://www.screener.in/company/LAURUSLABS/consolidated/,Laurus Labs Limited,LAURUSLABS
272,GRINDWELL,GRINDWELL,https://www.screener.in/company/GRINDWELL/consolidated/,Grindwell Norton Limited,GRINDWELL
273,FIVESTAR,FIVESTAR,https://www.screener.in/company/FIVESTAR/,Five-Star Business Finance Limited,FIVESTAR
274,SWANENERGY,SWANENERGY,https://www.screener.in/company/SWANENERGY/consolidated/,Swan Energy Limited,SWANENERGY
275,CHOLAHLDNG,CHOLAHLDNG,https://www.screener.in/company/CHOLAHLDNG/consolidated/,Cholamandalam Financial Holdings Limited,CHOLAHLDNG
276,IRCON,IRCON,https://www.screener.in/company/IRCON/consolidated/,Ircon International Limited,IRCON
277,SKFINDIA,SKFINDIA,https://www.screener.in/company/SKFINDIA/,SKF India Limited,SKFINDIA
278,BSOFT,BSOFT,https://www.screener.in/company/BSOFT/consolidated/,BIRLASOFT LIMITED,BSOFT
279,ASTERDM,ASTERDM,https://www.screener.in/company/ASTERDM/consolidated/,Aster DM Healthcare Limited,ASTERDM
280,RELAXO,RELAXO,https://www.screener.in/company/RELAXO/,Relaxo Footwears Limited,RELAXO
281,SONATSOFTW,SONATSOFTW,https://www.screener.in/company/SONATSOFTW/consolidated/,Sonata Software Limited,SONATSOFTW
282,GSPL,GSPL,https://www.screener.in/company/GSPL/consolidated/,Gujarat State Petronet Limited,GSPL
283,RATNAMANI,RATNAMANI,https://www.screener.in/company/RATNAMANI/consolidated/,Ratnamani Metals & Tubes Limited,RATNAMANI
284,ABFRL,ABFRL,https://www.screener.in/company/ABFRL/consolidated/,Aditya Birla Fashion and Retail Limited,ABFRL
285,APLLTD,APLLTD,https://www.screener.in/company/APLLTD/consolidated/,Alembic Pharmaceuticals Limited,APLLTD
286,PFIZER,PFIZER,https://www.screener.in/company/PFIZER/,Pfizer Limited,PFIZER
287,RAMCOCEM,RAMCOCEM,https://www.screener.in/company/RAMCOCEM/consolidated/,The Ramco Cements Limited,RAMCOCEM
288,SIGNATURE,SIGNATURE,https://www.screener.in/company/SIGNATURE/consolidated/,Signatureglobal (India) Limited,SIGNATURE
289,PEL,PEL,https://www.screener.in/company/PEL/consolidated/,Piramal Enterprises Limited,PEL
290,ELGIEQUIP,ELGIEQUIP,https://www.screener.in/company/ELGIEQUIP/consolidated/,Elgi Equipments Limited,ELGIEQUIP
291,LALPATHLAB,LALPATHLAB,https://www.screener.in/company/LALPATHLAB/consolidated/,Dr. Lal Path Labs Ltd.,LALPATHLAB
292,EMAMILTD,EMAMILTD,https://www.screener.in/company/EMAMILTD/consolidated/,Emami Limited,EMAMILTD
293,SANOFI,SANOFI,https://www.screener.in/company/SANOFI/,Sanofi India Limited,SANOFI
294,JYOTICNC,JYOTICNC,https://www.screener.in/company/JYOTICNC/consolidated/,Jyoti CNC Automation Limited,JYOTICNC
295,TRIDENT,TRIDENT,https://www.screener.in/company/TRIDENT/consolidated/,Trident Limited,TRIDENT
296,CASTROLIND,CASTROLIND,https://www.screener.in/company/CASTROLIND/,Castrol India Limited,CASTROLIND
297,KAJARIACER,KAJARIACER,https://www.screener.in/company/KAJARIACER/consolidated/,Kajaria Ceramics Limited,KAJARIACER
298,KAYNES,KAYNES,https://www.screener.in/company/KAYNES/,Kaynes Technology India Limited,KAYNES
299,CHALET,CHALET,https://www.screener.in/company/CHALET/consolidated/,Chalet Hotels Limited,CHALET
300,DEVYANI,DEVYANI,https://www.screener.in/company/DEVYANI/consolidated/,Devyani International Limited,DEVYANI
301,CDSL,CDSL,https://www.screener.in/company/CDSL/consolidated/,Central Depository Services (India) Limited,CDSL
302,KEC,KEC,https://www.screener.in/company/KEC/consolidated/,KEC International Limited,KEC
303,SCHNEIDER,SCHNEIDER,https://www.screener.in/company/SCHNEIDER/,Schneider Electric Infrastructure Limited,SCHNEIDER
304,BATAINDIA,BATAINDIA,https://www.screener.in/company/BATAINDIA/consolidated/,Bata India Limited,BATAINDIA
305,CIEINDIA,CIEINDIA,https://www.screener.in/company/CIEINDIA/consolidated/,CIE Automotive India Limited,CIEINDIA
306,KPIL,KPIL,https://www.screener.in/company/KPIL/consolidated/,Kalpataru Projects International Limited,KPIL
307,RRKABEL,RRKABEL,https://www.screener.in/company/RRKABEL/,R R Kabel Limited,RRKABEL
308,SUMICHEM,SUMICHEM,https://www.screener.in/company/SUMICHEM/,Sumitomo Chemical India Limited,SUMICHEM
309,NATCOPHARM,NATCOPHARM,https://www.screener.in/company/NATCOPHARM/consolidated/,Natco Pharma Limited,NATCOPHARM
310,SUVENPHAR,SUVENPHAR,https://www.screener.in/company/SUVENPHAR/consolidated/,Suven Pharmaceuticals Limited,SUVENPHAR
311,CROMPTON,CROMPTON,https://www.screener.in/company/CROMPTON/consolidated/,Crompton Greaves Consumer Electricals Limited,CROMPTON
312,TRITURBINE,TRITURBINE,https://www.screener.in/company/TRITURBINE/consolidated/,Triveni Turbine Limited,TRITURBINE
313,PPLPHARMA,PPLPHARMA,https://www.screener.in/company/PPLPHARMA/consolidated/,Piramal Pharma Limited,PPLPHARMA
314,INOXWIND,INOXWIND,https://www.screener.in/company/INOXWIND/consolidated/,Inox Wind Limited,INOXWIND
315,ACE,ACE,https://www.screener.in/company/ACE/consolidated/,Action Construction Equipment Limited,ACE
316,ATUL,ATUL,https://www.screener.in/company/ATUL/consolidated/,Atul Limited,ATUL
317,CGCL,CGCL,https://www.screener.in/company/CGCL/consolidated/,Capri Global Capital Limited,CGCL
318,TVSHLTD,TVSHLTD,https://www.screener.in/company/TVSHLTD/consolidated/,TVS Holdings Limited,TVSHLTD
319,SHYAMMETL,SHYAMMETL,https://www.screener.in/company/SHYAMMETL/consolidated/,Shyam Metalics and Energy Limited,SHYAMMETL
320,NUVAMA,NUVAMA,https://www.screener.in/company/NUVAMA/consolidated/,Nuvama Wealth Management Limited,NUVAMA
321,KIMS,KIMS,https://www.screener.in/company/KIMS/consolidated/,Krishna Institute of Medical Sciences Limited,KIMS
322,CELLO,CELLO,https://www.screener.in/company/CELLO/consolidated/,Cello World Limited,CELLO
323,PNBHOUSING,PNBHOUSING,https://www.screener.in/company/PNBHOUSING/,PNB Housing Finance Limited,PNBHOUSING
324,REDINGTON,REDINGTON,https://www.screener.in/company/REDINGTON/consolidated/,Redington Limited,REDINGTON
325,JYOTHYLAB,JYOTHYLAB,https://www.screener.in/company/JYOTHYLAB/consolidated/,Jyothy Labs Limited,JYOTHYLAB
326,CESC,CESC,https://www.screener.in/company/CESC/consolidated/,CESC Limited,CESC
327,GODFRYPHLP,GODFRYPHLP,https://www.screener.in/company/GODFRYPHLP/consolidated/,Godfrey Phillips India Limited,GODFRYPHLP
328,NSLNISP,NSLNISP,https://www.screener.in/company/NSLNISP/,NMDC Steel Limited,NSLNISP
329,RITES,RITES,https://www.screener.in/company/RITES/consolidated/,RITES Limited,RITES
330,CONCORDBIO,CONCORDBIO,https://www.screener.in/company/CONCORDBIO/,Concord Biotech Limited,CONCORDBIO
331,INDIAMART,INDIAMART,https://www.screener.in/company/INDIAMART/consolidated/,Indiamart Intermesh Limited,INDIAMART
332,OLECTRA,OLECTRA,https://www.screener.in/company/OLECTRA/consolidated/,Olectra Greentech Limited,OLECTRA
333,WHIRLPOOL,WHIRLPOOL,https://www.screener.in/company/WHIRLPOOL/consolidated/,Whirlpool of India Limited,WHIRLPOOL
334,ANANDRATHI,ANANDRATHI,https://www.screener.in/company/ANANDRATHI/consolidated/,Anand Rathi Wealth Limited,ANANDRATHI
335,NAVINFLUOR,NAVINFLUOR,https://www.screener.in/company/NAVINFLUOR/consolidated/,Navin Fluorine International Limited,NAVINFLUOR
336,JWL,JWL,https://www.screener.in/company/JWL/,Jupiter Wagons Limited,JWL
337,APTUS,APTUS,https://www.screener.in/company/APTUS/consolidated/,Aptus Value Housing Finance India Limited,APTUS
338,FINCABLES,FINCABLES,https://www.screener.in/company/FINCABLES/,Finolex Cables Limited,FINCABLES
339,FINPIPE,FINPIPE,https://www.screener.in/company/FINPIPE/,Finolex Industries Limited,FINPIPE
340,POLYMED,POLYMED,https://www.screener.in/company/POLYMED/consolidated/,Poly Medicure Limited,POLYMED
341,VINATIORGA,VINATIORGA,https://www.screener.in/company/VINATIORGA/,Vinati Organics Limited,VINATIORGA
342,INTELLECT,INTELLECT,https://www.screener.in/company/INTELLECT/consolidated/,Intellect Design Arena Limited,INTELLECT
343,JAIBALAJI,JAIBALAJI,https://www.screener.in/company/JAIBALAJI/consolidated/,Jai Balaji Industries Limited,JAIBALAJI
344,J&KBANK,J&KBANK,https://www.screener.in/company/J&KBANK/consolidated/,The Jammu & Kashmir Bank Limited,SCRIP-132209
345,KARURVYSYA,KARURVYSYA,https://www.screener.in/company/KARURVYSYA/,Karur Vysya Bank Limited,KARURVYSYA
346,BLUEDART,BLUEDART,https://www.screener.in/company/BLUEDART/consolidated/,Blue Dart Express Limited,BLUEDART
347,MANAPPURAM,MANAPPURAM,https://www.screener.in/company/MANAPPURAM/consolidated/,Manappuram Finance Limited,MANAPPURAM
348,AFFLE,AFFLE,https://www.screener.in/company/AFFLE/consolidated/,Affle (India) Limited,AFFLE
349,NCC,NCC,https://www.screener.in/company/NCC/consolidated/,NCC Limited,NCC
350,RBLBANK,RBLBANK,https://www.screener.in/company/RBLBANK/,RBL Bank Limited,RBLBANK
351,TTML,TTML,https://www.screener.in/company/TTML/,Tata Teleservices (Maharashtra) Limited,TTML
352,BASF,BASF,https://www.screener.in/company/BASF/,BASF India Limited,BASF
353,VGUARD,VGUARD,https://www.screener.in/company/VGUARD/,V-Guard Industries Limited,VGUARD
354,CAMS,CAMS,https://www.screener.in/company/CAMS/,Computer Age Management Services Limited,CAMS
355,GESHIP,GESHIP,https://www.screener.in/company/GESHIP/consolidated/,The Great Eastern Shipping Company Limited,GESHIP
356,CENTURYPLY,CENTURYPLY,https://www.screener.in/company/CENTURYPLY/consolidated/,Century Plyboards (India) Limited,CENTURYPLY
357,CLEAN,CLEAN,https://www.screener.in/company/CLEAN/consolidated/,Clean Science and Technology Limited,CLEAN
358,JINDALSAW,JINDALSAW,https://www.screener.in/company/JINDALSAW/consolidated/,Jindal Saw Limited,JINDALSAW
359,FSL,FSL,https://www.screener.in/company/FSL/consolidated/,Firstsource Solutions Limited,FSL
360,ZENSARTECH,ZENSARTECH,https://www.screener.in/company/ZENSARTECH/consolidated/,Zensar Technologies Limited,ZENSARTECH
361,SOBHA,SOBHA,https://www.screener.in/company/SOBHA/consolidated/,Sobha Limited,SOBHA
362,CHAMBLFERT,CHAMBLFERT,https://www.screener.in/company/CHAMBLFERT/consolidated/,Chambal Fertilizers & Chemicals Limited,CHAMBLFERT
363,DATAPATTNS,DATAPATTNS,https://www.screener.in/company/DATAPATTNS/,Data Patterns (India) Limited,DATAPATTNS
364,CHENNPETRO,CHENNPETRO,https://www.screener.in/company/CHENNPETRO/,Chennai Petroleum Corporation Limited,CHENNPETRO
365,WELCORP,WELCORP,https://www.screener.in/company/WELCORP/consolidated/,Welspun Corp Limited,WELCORP
366,MGL,MGL,https://www.screener.in/company/MGL/,Mahanagar Gas Limited,MGL
367,KSB,KSB,https://www.screener.in/company/KSB/consolidated/,Ksb Limited,KSB
368,WELSPUNLIV,WELSPUNLIV,https://www.screener.in/company/WELSPUNLIV/consolidated/,Welspun Living Limited,WELSPUNLIV
369,HSCL,HSCL,https://www.screener.in/company/HSCL/consolidated/,Himadri Speciality Chemical Limited,HSCL
370,DCMSHRIRAM,DCMSHRIRAM,https://www.screener.in/company/DCMSHRIRAM/consolidated/,DCM Shriram Limited,DCMSHRIRAM
371,ASTRAZEN,ASTRAZEN,https://www.screener.in/company/ASTRAZEN/,AstraZeneca Pharma India Limited,ASTRAZEN
372,ZEEL,ZEEL,https://www.screener.in/company/ZEEL/consolidated/,Zee Entertainment Enterprises Limited,ZEEL
373,BEML,BEML,https://www.screener.in/company/BEML/consolidated/,BEML Limited,BEML
374,HFCL,HFCL,https://www.screener.in/company/HFCL/consolidated/,HFCL Limited,HFCL
375,RAINBOW,RAINBOW,https://www.screener.in/company/RAINBOW/consolidated/,Rainbow Childrens Medicare Limited,RAINBOW
376,ABSLAMC,ABSLAMC,https://www.screener.in/company/ABSLAMC/consolidated/,Aditya Birla Sun Life AMC Limited,ABSLAMC
377,HONASA,HONASA,https://www.screener.in/company/HONASA/,Honasa Consumer Limited,HONASA
378,ASAHIINDIA,ASAHIINDIA,https://www.screener.in/company/ASAHIINDIA/consolidated/,Asahi India Glass Limited,ASAHIINDIA
379,PVRINOX,PVRINOX,https://www.screener.in/company/PVRINOX/consolidated/,PVR INOX Limited,PVRINOX
380,ARE&M,ARE&M,https://www.screener.in/company/ARE&M/,Amara Raja Energy & Mobility Limited,SCRIP-100008
381,IIFL,IIFL,https://www.screener.in/company/IIFL/consolidated/,IIFL Finance Limited,IIFL
382,BLS,BLS,https://www.screener.in/company/BLS/consolidated/,BLS International Services Limited,BLS
383,ALOKINDS,ALOKINDS,https://www.screener.in/company/ALOKINDS/consolidated/,Alok Industries Limited,ALOKINDS
384,VTL,VTL,https://www.screener.in/company/VTL/consolidated/,Vardhman Textiles Limited,VTL
385,GRINFRA,GRINFRA,https://www.screener.in/company/GRINFRA/consolidated/,G R Infraprojects Limited,GRINFRA
386,WESTLIFE,WESTLIFE,https://www.screener.in/company/WESTLIFE/consolidated/,WESTLIFE FOODWORLD LIMITED,WESTLIFE
387,RKFORGE,RKFORGE,https://www.screener.in/company/RKFORGE/consolidated/,Ramkrishna Forgings Limited,RKFORGE
388,KIRLOSENG,KIRLOSENG,https://www.screener.in/company/KIRLOSENG/consolidated/,Kirloskar Oil Engines Limited,KIRLOSENG
389,TITAGARH,TITAGARH,https://www.screener.in/company/TITAGARH/consolidated/,TITAGARH RAIL SYSTEMS LIMITED,TITAGARH
390,FINEORG,FINEORG,https://www.screener.in/company/FINEORG/,Fine Organic Industries Limited,FINEORG
391,AMBER,AMBER,https://www.screener.in/company/AMBER/consolidated/,Amber Enterprises India Limited,AMBER
392,BIKAJI,BIKAJI,https://www.screener.in/company/BIKAJI/,Bikaji Foods International Limited,BIKAJI
393,SWSOLAR,SWSOLAR,https://www.screener.in/company/SWSOLAR/consolidated/,Sterling and Wilson Renewable Energy Limited,SWSOLAR
394,RAYMOND,RAYMOND,https://www.screener.in/company/RAYMOND/consolidated/,Raymond Limited,RAYMOND
395,IEX,IEX,https://www.screener.in/company/IEX/,Indian Energy Exchange Limited,IEX
396,SPARC,SPARC,https://www.screener.in/company/SPARC/,Sun Pharma Advanced Research Company Limited,SPARC
397,GRAPHITE,GRAPHITE,https://www.screener.in/company/GRAPHITE/consolidated/,Graphite India Limited,GRAPHITE
398,SPLPETRO,SPLPETRO,https://www.screener.in/company/SPLPETRO/,Supreme Petrochem Limited,SPLPETRO
399,RAILTEL,RAILTEL,https://www.screener.in/company/RAILTEL/,Railtel Corporation Of India Limited,RAILTEL
400,INGERRAND,INGERRAND,https://www.screener.in/company/INGERRAND/,Ingersoll Rand (India) Limited,INGERRAND
401,ECLERX,ECLERX,https://www.screener.in/company/ECLERX/consolidated/,eClerx Services Limited,ECLERX
402,JUNIPER,JUNIPER,https://www.screener.in/company/JUNIPER/consolidated/,Juniper Hotels Limited,JUNIPER
403,ERIS,ERIS,https://www.screener.in/company/ERIS/consolidated/,Eris Lifesciences Limited,ERIS
404,RHIM,RHIM,https://www.screener.in/company/RHIM/consolidated/,RHI MAGNESITA INDIA LIMITED,RHIM
405,ENGINERSIN,ENGINERSIN,https://www.screener.in/company/ENGINERSIN/consolidated/,Engineers India Limited,ENGINERSIN
406,MAHSEAMLES,MAHSEAMLES,https://www.screener.in/company/MAHSEAMLES/consolidated/,Maharashtra Seamless Limited,MAHSEAMLES
407,HAPPSTMNDS,HAPPSTMNDS,https://www.screener.in/company/HAPPSTMNDS/,Happiest Minds Technologies Limited,HAPPSTMNDS
408,JKTYRE,JKTYRE,https://www.screener.in/company/JKTYRE/consolidated/,JK Tyre & Industries Limited,JKTYRE
409,TEJASNET,TEJASNET,https://www.screener.in/company/TEJASNET/consolidated/,Tejas Networks Limited,TEJASNET
410,PNCINFRA,PNCINFRA,https://www.screener.in/company/PNCINFRA/consolidated/,PNC Infratech Limited,PNCINFRA
411,NEWGEN,NEWGEN,https://www.screener.in/company/NEWGEN/,Newgen Software Technologies Limited,NEWGEN
412,INOXINDIA,INOXINDIA,https://www.screener.in/company/INOXINDIA/consolidated/,INOX India Limited,INOXINDIA
413,TANLA,TANLA,https://www.screener.in/company/TANLA/consolidated/,Tanla Platforms Limited,TANLA
414,BIRLACORPN,BIRLACORPN,https://www.screener.in/company/BIRLACORPN/consolidated/,Birla Corporation Limited,BIRLACORPN
415,BBTC,BBTC,https://www.screener.in/company/BBTC/consolidated/,Bombay Burmah Trading Corporation Limited,BBTC
416,GMDCLTD,GMDCLTD,https://www.screener.in/company/GMDCLTD/consolidated/,Gujarat Mineral Development Corporation Limited,GMDCLTD
417,NUVOCO,NUVOCO,https://www.screener.in/company/NUVOCO/consolidated/,Nuvoco Vistas Corporation Limited,NUVOCO
418,AKZOINDIA,AKZOINDIA,https://www.screener.in/company/AKZOINDIA/,Akzo Nobel India Limited,AKZOINDIA
419,CEATLTD,CEATLTD,https://www.screener.in/company/CEATLTD/consolidated/,CEAT Limited,CEATLTD
420,RPOWER,RPOWER,https://www.screener.in/company/RPOWER/consolidated/,Reliance Power Limited,RPOWER
421,RELINFRA,RELINFRA,https://www.screener.in/company/RELINFRA/consolidated/,Reliance Infrastructure Limited,RELINFRA
422,GPIL,GPIL,https://www.screener.in/company/GPIL/consolidated/,Godawari Power And Ispat limited,GPIL
423,ELECON,ELECON,https://www.screener.in/company/ELECON/consolidated/,Elecon Engineering Company Limited,ELECON
424,ANANTRAJ,ANANTRAJ,https://www.screener.in/company/ANANTRAJ/consolidated/,Anant Raj Limited,ANANTRAJ
425,ELECTCAST,ELECTCAST,https://www.screener.in/company/ELECTCAST/consolidated/,Electrosteel Castings Limited,ELECTCAST
426,DBREALTY,DBREALTY,https://www.screener.in/company/DBREALTY/consolidated/,D B Realty Limited,DBREALTY
427,EQUITASBNK,EQUITASBNK,https://www.screener.in/company/EQUITASBNK/,Equitas Small Finance Bank Limited,EQUITASBNK
428,KFINTECH,KFINTECH,https://www.screener.in/company/KFINTECH/consolidated/,Kfin Technologies Limited,KFINTECH
429,BAJAJELEC,BAJAJELEC,https://www.screener.in/company/BAJAJELEC/,Bajaj Electricals Limited,BAJAJELEC
430,LATENTVIEW,LATENTVIEW,https://www.screener.in/company/LATENTVIEW/consolidated/,Latent View Analytics Limited,LATENTVIEW
431,JPPOWER,JPPOWER,https://www.screener.in/company/JPPOWER/consolidated/,Jaiprakash Power Ventures Limited,JPPOWER
432,GRANULES,GRANULES,https://www.screener.in/company/GRANULES/consolidated/,Granules India Limited,GRANULES
433,AAVAS,AAVAS,https://www.screener.in/company/AAVAS/,Aavas Financiers Limited,AAVAS
434,AETHER,AETHER,https://www.screener.in/company/AETHER/,Aether Industries Limited,AETHER
435,UTIAMC,UTIAMC,https://www.screener.in/company/UTIAMC/consolidated/,UTI Asset Management Company Limited,UTIAMC
436,LEMONTREE,LEMONTREE,https://www.screener.in/company/LEMONTREE/consolidated/,Lemon Tree Hotels Limited,LEMONTREE
437,JKLAKSHMI,JKLAKSHMI,https://www.screener.in/company/JKLAKSHMI/consolidated/,JK Lakshmi Cement Limited,JKLAKSHMI
438,GPPL,GPPL,https://www.screener.in/company/GPPL/,Gujarat Pipavav Port Limited,GPPL
439,SFL,SFL,https://www.screener.in/company/SFL/consolidated/,Sheela Foam Limited,SFL
440,PCBL,PCBL,https://www.screener.in/company/PCBL/consolidated/,PCBL LIMITED,PCBL
441,MAPMYINDIA,MAPMYINDIA,https://www.screener.in/company/MAPMYINDIA/consolidated/,C.E. Info Systems Limited,MAPMYINDIA
442,ROUTE,ROUTE,https://www.screener.in/company/ROUTE/consolidated/,ROUTE MOBILE LIMITED,ROUTE
443,CANFINHOME,CANFINHOME,https://www.screener.in/company/CANFINHOME/,Can Fin Homes Limited,CANFINHOME
444,CUB,CUB,https://www.screener.in/company/CUB/,City Union Bank Limited,CUB
445,SAPPHIRE,SAPPHIRE,https://www.screener.in/company/SAPPHIRE/consolidated/,Sapphire Foods India Limited,SAPPHIRE
446,CAPLIPOINT,CAPLIPOINT,https://www.screener.in/company/CAPLIPOINT/consolidated/,Caplin Point Laboratories Limited,CAPLIPOINT
447,MINDACORP,MINDACORP,https://www.screener.in/company/MINDACORP/consolidated/,Minda Corporation Limited,MINDACORP
448,MMTC,MMTC,https://www.screener.in/company/MMTC/consolidated/,MMTC Limited,MMTC
449,PTCIL,PTCIL,https://www.screener.in/company/PTCIL/consolidated/,PTC Industries Limited,PTCIL
450,IFCI,IFCI,https://www.screener.in/company/IFCI/consolidated/,IFCI Limited,IFCI
451,PRAJIND,PRAJIND,https://www.screener.in/company/PRAJIND/consolidated/,Praj Industries Limited,PRAJIND
452,VOLTAMP,VOLTAMP,https://www.screener.in/company/VOLTAMP/,Voltamp Transformers Limited,VOLTAMP
453,SCI,SCI,https://www.screener.in/company/SCI/,Shipping Corporation Of India Limited,SCI
454,USHAMART,USHAMART,https://www.screener.in/company/USHAMART/consolidated/,Usha Martin Limited,USHAMART
455,EIDPARRY,EIDPARRY,https://www.screener.in/company/EIDPARRY/consolidated/,EID Parry India Limited,EIDPARRY
456,RTNINDIA,RTNINDIA,https://www.screener.in/company/RTNINDIA/consolidated/,RattanIndia Enterprises Limited,RTNINDIA
457,ANURAS,ANURAS,https://www.screener.in/company/ANURAS/consolidated/,Anupam Rasayan India Limited,ANURAS
458,GLS,GLS,https://www.screener.in/company/GLS/,Glenmark Life Sciences Limited,GLS
459,DOMS,DOMS,https://www.screener.in/company/DOMS/consolidated/,DOMS Industries Limited,DOMS
460,INFIBEAM,INFIBEAM,https://www.screener.in/company/INFIBEAM/consolidated/,Infibeam Avenues Limited,INFIBEAM
461,FORCEMOT,FORCEMOT,https://www.screener.in/company/FORCEMOT/consolidated/,FORCE MOTORS LTD,FORCEMOT
462,ZYDUSWELL,ZYDUSWELL,https://www.screener.in/company/ZYDUSWELL/consolidated/,Zydus Wellness Limited,ZYDUSWELL
463,STARCEMENT,STARCEMENT,https://www.screener.in/company/STARCEMENT/consolidated/,Star Cement Limited,STARCEMENT
464,GODREJAGRO,GODREJAGRO,https://www.screener.in/company/GODREJAGRO/consolidated/,Godrej Agrovet Limited,GODREJAGRO
465,TTKPRESTIG,TTKPRESTIG,https://www.screener.in/company/TTKPRESTIG/consolidated/,TTK Prestige Limited,TTKPRESTIG
466,ALKYLAMINE,ALKYLAMINE,https://www.screener.in/company/ALKYLAMINE/,Alkyl Amines Chemicals Limited,ALKYLAMINE
467,GNFC,GNFC,https://www.screener.in/company/GNFC/,Gujarat Narmada Valley Fertilizers and Chemicals Limited,GNFC
468,KPIGREEN,KPIGREEN,https://www.screener.in/company/KPIGREEN/consolidated/,KPI Green Energy Limited,KPIGREEN
469,CRAFTSMAN,CRAFTSMAN,https://www.screener.in/company/CRAFTSMAN/consolidated/,Craftsman Automation Limited,CRAFTSMAN
470,MAHLIFE,MAHLIFE,https://www.screener.in/company/MAHLIFE/consolidated/,Mahindra Lifespace Developers Limited,MAHLIFE
471,REDTAPE,REDTAPE,https://www.screener.in/company/REDTAPE/consolidated/,Redtape Limited,REDTAPE
472,JUBLPHARMA,JUBLPHARMA,https://www.screener.in/company/JUBLPHARMA/consolidated/,Jubilant Pharmova Limited,JUBLPHARMA
473,NETWEB,NETWEB,https://www.screener.in/company/NETWEB/,Netweb Technologies India Limited,NETWEB
474,NETWORK18,NETWORK18,https://www.screener.in/company/NETWORK18/consolidated/,Network18 Media & Investments Limited,NETWORK18
475,PRSMJOHNSN,PRSMJOHNSN,https://www.screener.in/company/PRSMJOHNSN/consolidated/,Prism Johnson Limited,PRSMJOHNSN
476,METROPOLIS,METROPOLIS,https://www.screener.in/company/METROPOLIS/consolidated/,Metropolis Healthcare Limited,METROPOLIS
477,CERA,CERA,https://www.screener.in/company/CERA/,Cera Sanitaryware Limited,CERA
478,SBFC,SBFC,https://www.screener.in/company/SBFC/,SBFC Finance Limited,SBFC
479,GRSE,GRSE,https://www.screener.in/company/GRSE/,Garden Reach Shipbuilders & Engineers Limited,GRSE
480,KIRLOSBROS,KIRLOSBROS,https://www.screener.in/company/KIRLOSBROS/consolidated/,Kirloskar Brothers Limited,KIRLOSBROS
481,UJJIVANSFB,UJJIVANSFB,https://www.screener.in/company/UJJIVANSFB/,Ujjivan Small Finance Bank Limited,UJJIVANSFB
482,SHRIPISTON,SHRIPISTON,https://www.screener.in/company/SHRIPISTON/consolidated/,Shriram Pistons & Rings Limited,SHRIPISTON
483,RENUKA,RENUKA,https://www.screener.in/company/RENUKA/consolidated/,Shree Renuka Sugars Limited,RENUKA
484,RATEGAIN,RATEGAIN,https://www.screener.in/company/RATEGAIN/consolidated/,Rategain Travel Technologies Limited,RATEGAIN
485,WOCKPHARMA,WOCKPHARMA,https://www.screener.in/company/WOCKPHARMA/consolidated/,Wockhardt Limited,WOCKPHARMA
486,SAFARI,SAFARI,https://www.screener.in/company/SAFARI/consolidated/,Safari Industries (India) Limited,SAFARI
487,HAPPYFORGE,HAPPYFORGE,https://www.screener.in/company/HAPPYFORGE/,Happy Forgings Limited,HAPPYFORGE
488,TECHNOE,TECHNOE,https://www.screener.in/company/TECHNOE/consolidated/,Techno Electric & Engineering Company Limited,TECHNOE
489,SHOPERSTOP,SHOPERSTOP,https://www.screener.in/company/SHOPERSTOP/consolidated/,Shoppers Stop Limited,SHOPERSTOP
490,SYRMA,SYRMA,https://www.screener.in/company/SYRMA/consolidated/,Syrma SGS Technology Limited,SYRMA
491,TEGA,TEGA,https://www.screener.in/company/TEGA/consolidated/,Tega Industries Limited,TEGA
492,ACI,ACI,https://www.screener.in/company/ACI/,Archean Chemical Industries Limited,ACI
493,MEDPLUS,MEDPLUS,https://www.screener.in/company/MEDPLUS/consolidated/,Medplus Health Services Limited,MEDPLUS
494,MAHSCOOTER,MAHSCOOTER,https://www.screener.in/company/MAHSCOOTER/,Maharashtra Scooters Limited,MAHSCOOTER
495,NEULANDLAB,NEULANDLAB,https://www.screener.in/company/NEULANDLAB/consolidated/,Neuland Laboratories Limited,NEULANDLAB
496,AZAD,AZAD,https://www.screener.in/company/AZAD/consolidated/,Azad Engineering Limited,AZAD
497,ESABINDIA,ESABINDIA,https://www.screener.in/company/ESABINDIA/,Esab India Limited,ESABINDIA
498,GALAXYSURF,GALAXYSURF,https://www.screener.in/company/GALAXYSURF/consolidated/,Galaxy Surfactants Limited,GALAXYSURF
499,ZENTEC,ZENTEC,https://www.screener.in/company/ZENTEC/consolidated/,Zen Technologies Limited,ZENTEC
500,JSWHL,JSWHL,https://www.screener.in/company/JSWHL/consolidated/,JSW Holdings Limited,JSWHL
501,HOMEFIRST,HOMEFIRST,https://www.screener.in/company/HOMEFIRST/,Home First Finance Company India Limited,HOMEFIRST
502,MHRIL,MHRIL,https://www.screener.in/company/MHRIL/consolidated/,Mahindra Holidays & Resorts India Limited,MHRIL
503,POWERMECH,POWERMECH,https://www.screener.in/company/POWERMECH/consolidated/,Power Mech Projects Limited,POWERMECH
504,KTKBANK,KTKBANK,https://www.screener.in/company/KTKBANK/,The Karnataka Bank Limited,KTKBANK
505,JLHL,JLHL,https://www.screener.in/company/JLHL/,Jupiter Life Line Hospitals Limited,JLHL
506,MASTEK,MASTEK,https://www.screener.in/company/MASTEK/consolidated/,Mastek Limited,MASTEK
507,PGHL,PGHL,https://www.screener.in/company/PGHL/,Procter & Gamble Health Limited,PGHL
508,THOMASCOOK,THOMASCOOK,https://www.screener.in/company/THOMASCOOK/consolidated/,Thomas Cook  (India)  Limited,THOMASCOOK
509,CCL,CCL,https://www.screener.in/company/CCL/consolidated/,CCL Products (India) Limited,CCL
510,GSFC,GSFC,https://www.screener.in/company/GSFC/consolidated/,Gujarat State Fertilizers & Chemicals Limited,GSFC
511,RAJESHEXPO,RAJESHEXPO,https://www.screener.in/company/RAJESHEXPO/consolidated/,Rajesh Exports Limited,RAJESHEXPO
512,QUESS,QUESS,https://www.screener.in/company/QUESS/consolidated/,Quess Corp Limited,QUESS
513,VARROC,VARROC,https://www.screener.in/company/VARROC/consolidated/,Varroc Engineering Limited,VARROC
514,TMB,TMB,https://www.screener.in/company/TMB/,Tamilnad Mercantile Bank Limited,TMB
515,MANINFRA,MANINFRA,https://www.screener.in/company/MANINFRA/consolidated/,Man Infraconstruction Limited,MANINFRA
516,EASEMYTRIP,EASEMYTRIP,https://www.screener.in/company/EASEMYTRIP/,Easy Trip Planners Limited,EASEMYTRIP
517,VIPIND,VIPIND,https://www.screener.in/company/VIPIND/consolidated/,VIP Industries Limited,VIPIND
518,IONEXCHANG,IONEXCHANG,https://www.screener.in/company/IONEXCHANG/consolidated/,ION Exchange (India) Limited,IONEXCHANG
519,RESPONIND,RESPONIND,https://www.screener.in/company/RESPONIND/consolidated/,Responsive Industries Limited,RESPONIND
520,MIDHANI,MIDHANI,https://www.screener.in/company/MIDHANI/,Mishra Dhatu Nigam Limited,MIDHANI
521,EMIL,EMIL,https://www.screener.in/company/EMIL/,Electronics Mart India Limited,EMIL
522,GAEL,GAEL,https://www.screener.in/company/GAEL/,Gujarat Ambuja Exports Limited,GAEL
523,BALRAMCHIN,BALRAMCHIN,https://www.screener.in/company/BALRAMCHIN/consolidated/,Balrampur Chini Mills Limited,BALRAMCHIN
524,STAR,STAR,https://www.screener.in/company/STAR/consolidated/,Strides Pharma Science Limited,STAR
525,JUBLINGREA,JUBLINGREA,https://www.screener.in/company/JUBLINGREA/consolidated/,Jubilant Ingrevia Limited,JUBLINGREA
526,SARDAEN,SARDAEN,https://www.screener.in/company/SARDAEN/consolidated/,Sarda Energy & Minerals Limited,SARDAEN
527,JMFINANCIL,JMFINANCIL,https://www.screener.in/company/JMFINANCIL/consolidated/,JM Financial Limited,JMFINANCIL
528,SOUTHBANK,SOUTHBANK,https://www.screener.in/company/SOUTHBANK/,The South Indian Bank Limited,SOUTHBANK
529,HEG,HEG,https://www.screener.in/company/HEG/consolidated/,HEG Limited,HEG
530,CHEMPLASTS,CHEMPLASTS,https://www.screener.in/company/CHEMPLASTS/consolidated/,Chemplast Sanmar Limited,CHEMPLASTS
531,ARVIND,ARVIND,https://www.screener.in/company/ARVIND/consolidated/,Arvind Limited,ARVIND
532,RCF,RCF,https://www.screener.in/company/RCF/consolidated/,Rashtriya Chemicals and Fertilizers Limited,RCF
533,NAVA,NAVA,https://www.screener.in/company/NAVA/consolidated/,NAVA LIMITED,NAVA
534,ALLCARGO,ALLCARGO,https://www.screener.in/company/ALLCARGO/consolidated/,Allcargo Logistics Limited,ALLCARGO
535,ICIL,ICIL,https://www.screener.in/company/ICIL/consolidated/,Indo Count Industries Limited,ICIL
536,IWEL,IWEL,https://www.screener.in/company/IWEL/consolidated/,Inox Wind Energy Limited,IWEL
537,KNRCON,KNRCON,https://www.screener.in/company/KNRCON/consolidated/,KNR Constructions Limited,KNRCON
538,FDC,FDC,https://www.screener.in/company/FDC/consolidated/,FDC Limited,FDC
539,RELIGARE,RELIGARE,https://www.screener.in/company/RELIGARE/consolidated/,Religare Enterprises Limited,RELIGARE
540,GRAVITA,GRAVITA,https://www.screener.in/company/GRAVITA/consolidated/,Gravita India Limited,GRAVITA
541,RUSTOMJEE,RUSTOMJEE,https://www.screener.in/company/RUSTOMJEE/consolidated/,Keystone Realtors Limited,RUSTOMJEE
542,MARKSANS,MARKSANS,https://www.screener.in/company/MARKSANS/consolidated/,Marksans Pharma Limited,MARKSANS
543,NIITMTS,NIITMTS,https://www.screener.in/company/NIITMTS/consolidated/,NIIT Learning Systems Limited,NIITMTS
544,AHLUCONT,AHLUCONT,https://www.screener.in/company/AHLUCONT/consolidated/,Ahluwalia Contracts (India) Limited,AHLUCONT
545,JUSTDIAL,JUSTDIAL,https://www.screener.in/company/JUSTDIAL/,Just Dial Limited,JUSTDIAL
546,TRIVENI,TRIVENI,https://www.screener.in/company/TRIVENI/consolidated/,Triveni Engineering & Industries Limited,TRIVENI
547,TVSSCS,TVSSCS,https://www.screener.in/company/TVSSCS/consolidated/,TVS Supply Chain Solutions Limited,TVSSCS
548,GARFIBRES,GARFIBRES,https://www.screener.in/company/GARFIBRES/consolidated/,Garware Technical Fibres Limited,GARFIBRES
549,VESUVIUS,VESUVIUS,https://www.screener.in/company/VESUVIUS/,Vesuvius India Limited,VESUVIUS
550,SAREGAMA,SAREGAMA,https://www.screener.in/company/SAREGAMA/consolidated/,Saregama India Limited,SAREGAMA
551,DBL,DBL,https://www.screener.in/company/DBL/consolidated/,Dilip Buildcon Limited,DBL
552,INDIASHLTR,INDIASHLTR,https://www.screener.in/company/INDIASHLTR/,India Shelter Finance Corporation Limited,INDIASHLTR
553,BLUEJET,BLUEJET,https://www.screener.in/company/BLUEJET/,Blue Jet Healthcare Limited,BLUEJET
554,BALAMINES,BALAMINES,https://www.screener.in/company/BALAMINES/consolidated/,Balaji Amines Limited,BALAMINES
555,ISGEC,ISGEC,https://www.screener.in/company/ISGEC/consolidated/,Isgec Heavy Engineering Limited,ISGEC
556,AVANTIFEED,AVANTIFEED,https://www.screener.in/company/AVANTIFEED/consolidated/,Avanti Feeds Limited,AVANTIFEED
557,INDIACEM,INDIACEM,https://www.screener.in/company/INDIACEM/consolidated/,The India Cements Limited,INDIACEM
558,BECTORFOOD,BECTORFOOD,https://www.screener.in/company/BECTORFOOD/consolidated/,Mrs. Bectors Food Specialities Limited,BECTORFOOD
559,CAMPUS,CAMPUS,https://www.screener.in/company/CAMPUS/,Campus Activewear Limited,CAMPUS
560,LTFOODS,LTFOODS,https://www.screener.in/company/LTFOODS/consolidated/,LT Foods Limited,LTFOODS
561,VIJAYA,VIJAYA,https://www.screener.in/company/VIJAYA/consolidated/,Vijaya Diagnostic Centre Limited,VIJAYA
562,GOCOLORS,GOCOLORS,https://www.screener.in/company/GOCOLORS/,Go Fashion (India) Limited,GOCOLORS
563,BORORENEW,BORORENEW,https://www.screener.in/company/BORORENEW/consolidated/,BOROSIL RENEWABLES LIMITED,BORORENEW
564,LXCHEM,LXCHEM,https://www.screener.in/company/LXCHEM/consolidated/,Laxmi Organic Industries Limited,LXCHEM
565,GREENLAM,GREENLAM,https://www.screener.in/company/GREENLAM/consolidated/,Greenlam Industries Limited,GREENLAM
566,DEEPAKFERT,DEEPAKFERT,https://www.screener.in/company/DEEPAKFERT/consolidated/,Deepak Fertilizers and Petrochemicals Corporation Limited,DEEPAKFERT
567,CMSINFO,CMSINFO,https://www.screener.in/company/CMSINFO/consolidated/,CMS Info Systems Limited,CMSINFO
568,KRBL,KRBL,https://www.screener.in/company/KRBL/consolidated/,KRBL Limited,KRBL
569,ETHOSLTD,ETHOSLTD,https://www.screener.in/company/ETHOSLTD/consolidated/,Ethos Limited,ETHOSLTD
570,TEXRAIL,TEXRAIL,https://www.screener.in/company/TEXRAIL/consolidated/,Texmaco Rail & Engineering Limited,TEXRAIL
571,TCI,TCI,https://www.screener.in/company/TCI/consolidated/,Transport Corporation of India Limited,TCI
573,JINDWORLD,JINDWORLD,https://www.screener.in/company/JINDWORLD/consolidated/,Jindal Worldwide Limited,JINDWORLD
574,EMUDHRA,EMUDHRA,https://www.screener.in/company/EMUDHRA/consolidated/,eMudhra Limited,EMUDHRA
575,PDSL,PDSL,https://www.screener.in/company/PDSL/consolidated/,PDS Limited,PDSL
576,GANESHHOUC,GANESHHOUC,https://www.screener.in/company/GANESHHOUC/consolidated/,Ganesh Housing Corporation Limited,GANESHHOUC
577,CSBBANK,CSBBANK,https://www.screener.in/company/CSBBANK/,CSB Bank Limited,CSBBANK
578,SHAREINDIA,SHAREINDIA,https://www.screener.in/company/SHAREINDIA/consolidated/,Share India Securities Limited,SHAREINDIA
579,IFBIND,IFBIND,https://www.screener.in/company/IFBIND/,IFB Industries Limited,IFBIND
580,PRINCEPIPE,PRINCEPIPE,https://www.screener.in/company/PRINCEPIPE/,Prince Pipes And Fittings Limited,PRINCEPIPE
581,VAIBHAVGBL,VAIBHAVGBL,https://www.screener.in/company/VAIBHAVGBL/consolidated/,Vaibhav Global Limited,VAIBHAVGBL
582,ARVINDFASN,ARVINDFASN,https://www.screener.in/company/ARVINDFASN/consolidated/,Arvind Fashions Limited,ARVINDFASN
583,EDELWEISS,EDELWEISS,https://www.screener.in/company/EDELWEISS/consolidated/,Edelweiss Financial Services Limited,EDELWEISS
584,SENCO,SENCO,https://www.screener.in/company/SENCO/,Senco Gold Limited,SENCO
585,SPANDANA,SPANDANA,https://www.screener.in/company/SPANDANA/,Spandana Sphoorty Financial Limited,SPANDANA
586,INDIGOPNTS,INDIGOPNTS,https://www.screener.in/company/INDIGOPNTS/,Indigo Paints Limited,INDIGOPNTS
587,GENUSPOWER,GENUSPOWER,https://www.screener.in/company/GENUSPOWER/consolidated/,Genus Power Infrastructures Limited,GENUSPOWER
588,SYMPHONY,SYMPHONY,https://www.screener.in/company/SYMPHONY/consolidated/,Symphony Limited,SYMPHONY
589,HGINFRA,HGINFRA,https://www.screener.in/company/HGINFRA/consolidated/,H.G. Infra Engineering Limited,HGINFRA
591,SIS,SIS,https://www.screener.in/company/SIS/consolidated/,SIS LIMITED,SIS
592,MSTCLTD,MSTCLTD,https://www.screener.in/company/MSTCLTD/consolidated/,Mstc Limited,MSTCLTD
593,NESCO,NESCO,https://www.screener.in/company/NESCO/,Nesco Limited,NESCO
594,SANGHVIMOV,SANGHVIMOV,https://www.screener.in/company/SANGHVIMOV/,Sanghvi Movers Limited,SANGHVIMOV
595,SANDUMA,SANDUMA,https://www.screener.in/company/SANDUMA/,Sandur Manganese & Iron Ores Limited,SANDUMA
597,ITDCEM,ITDCEM,https://www.screener.in/company/ITDCEM/consolidated/,ITD Cementation India Limited,ITDCEM
598,CYIENTDLM,CYIENTDLM,https://www.screener.in/company/CYIENTDLM/,Cyient DLM Limited,CYIENTDLM
599,EPL,EPL,https://www.screener.in/company/EPL/consolidated/,EPL Limited,EPL
600,SUPRAJIT,SUPRAJIT,https://www.screener.in/company/SUPRAJIT/consolidated/,Suprajit Engineering Limited,SUPRAJIT
601,SUNTECK,SUNTECK,https://www.screener.in/company/SUNTECK/consolidated/,Sunteck Realty Limited,SUNTECK
602,HEMIPROP,HEMIPROP,https://www.screener.in/company/HEMIPROP/,Hemisphere Properties India Limited,HEMIPROP
603,MOIL,MOIL,https://www.screener.in/company/MOIL/,MOIL Limited,MOIL
604,TIMETECHNO,TIMETECHNO,https://www.screener.in/company/TIMETECHNO/consolidated/,Time Technoplast Limited,TIMETECHNO
605,ASTRAMICRO,ASTRAMICRO,https://www.screener.in/company/ASTRAMICRO/consolidated/,Astra Microwave Products Limited,ASTRAMICRO
607,WONDERLA,WONDERLA,https://www.screener.in/company/WONDERLA/,Wonderla Holidays Limited,WONDERLA
608,ASKAUTOLTD,ASKAUTOLTD,https://www.screener.in/company/ASKAUTOLTD/consolidated/,ASK Automotive Limited,ASKAUTOLTD
609,LLOYDSENGG,LLOYDSENGG,https://www.screener.in/company/LLOYDSENGG/,LLOYDS ENGINEERING WORKS LIMITED,LLOYDSENGG
610,GMMPFAUDLR,GMMPFAUDLR,https://www.screener.in/company/GMMPFAUDLR/consolidated/,GMM Pfaudler Limited,GMMPFAUDLR
611,SURYAROSNI,SURYAROSNI,https://www.screener.in/company/SURYAROSNI/,Surya Roshni Limited,SURYAROSNI
612,VSTIND,VSTIND,https://www.screener.in/company/VSTIND/,VST Industries Limited,VSTIND
613,PTC,PTC,https://www.screener.in/company/PTC/consolidated/,PTC India Limited,PTC
614,JKPAPER,JKPAPER,https://www.screener.in/company/JKPAPER/consolidated/,JK Paper Limited,JKPAPER
615,SANSERA,SANSERA,https://www.screener.in/company/SANSERA/consolidated/,Sansera Engineering Limited,SANSERA
616,CHOICEIN,CHOICEIN,https://www.screener.in/company/CHOICEIN/consolidated/,Choice International Limited,CHOICEIN
617,AURIONPRO,AURIONPRO,https://www.screener.in/company/AURIONPRO/consolidated/,Aurionpro Solutions Limited,AURIONPRO
618,PAISALO,PAISALO,https://www.screener.in/company/PAISALO/consolidated/,Paisalo Digital Limited,PAISALO
619,ITDC,ITDC,https://www.screener.in/company/ITDC/consolidated/,India Tourism Development Corporation Limited,ITDC
620,HNDFDS,HNDFDS,https://www.screener.in/company/HNDFDS/consolidated/,Hindustan Foods Limited,HNDFDS
621,PARADEEP,PARADEEP,https://www.screener.in/company/PARADEEP/consolidated/,Paradeep Phosphates Limited,PARADEEP
622,KESORAMIND,KESORAMIND,https://www.screener.in/company/KESORAMIND/consolidated/,Kesoram Industries Limited,KESORAMIND
623,HCC,HCC,https://www.screener.in/company/HCC/consolidated/,Hindustan Construction Company Limited,HCC
624,ORCHPHARMA,ORCHPHARMA,https://www.screener.in/company/ORCHPHARMA/consolidated/,Orchid Pharma Limited,ORCHPHARMA
625,JAMNAAUTO,JAMNAAUTO,https://www.screener.in/company/JAMNAAUTO/consolidated/,Jamna Auto Industries Limited,JAMNAAUTO
626,ICRA,ICRA,https://www.screener.in/company/ICRA/consolidated/,ICRA Limited,ICRA
627,RSYSTEMS,RSYSTEMS,https://www.screener.in/company/RSYSTEMS/consolidated/,R Systems International Limited,RSYSTEMS
628,PRUDENT,PRUDENT,https://www.screener.in/company/PRUDENT/consolidated/,Prudent Corporate Advisory Services Limited,PRUDENT
629,MTARTECH,MTARTECH,https://www.screener.in/company/MTARTECH/,Mtar Technologies Limited,MTARTECH
630,UTKARSHBNK,UTKARSHBNK,https://www.screener.in/company/UTKARSHBNK/,Utkarsh Small Finance Bank Limited,UTKARSHBNK
631,RAIN,RAIN,https://www.screener.in/company/RAIN/consolidated/,Rain Industries Limited,RAIN
632,DYNAMATECH,DYNAMATECH,https://www.screener.in/company/DYNAMATECH/consolidated/,Dynamatic Technologies Limited,DYNAMATECH
633,JAICORPLTD,JAICORPLTD,https://www.screener.in/company/JAICORPLTD/consolidated/,Jai Corp Limited,JAICORPLTD
634,RBA,RBA,https://www.screener.in/company/RBA/consolidated/,Restaurant Brands Asia Limited,RBA
635,GATEWAY,GATEWAY,https://www.screener.in/company/GATEWAY/,Gateway Distriparks Limited,GATEWAY
636,PURVA,PURVA,https://www.screener.in/company/PURVA/consolidated/,Puravankara Limited,PURVA
637,GUJALKALI,GUJALKALI,https://www.screener.in/company/GUJALKALI/consolidated/,Gujarat Alkalies and Chemicals Limited,GUJALKALI
638,NAZARA,NAZARA,https://www.screener.in/company/NAZARA/consolidated/,Nazara Technologies Limited,NAZARA
639,RALLIS,RALLIS,https://www.screener.in/company/RALLIS/,Rallis India Limited,RALLIS
640,VRLLOG,VRLLOG,https://www.screener.in/company/VRLLOG/,VRL Logistics Limited,VRLLOG
641,GABRIEL,GABRIEL,https://www.screener.in/company/GABRIEL/,Gabriel India Limited,GABRIEL
642,DODLA,DODLA,https://www.screener.in/company/DODLA/consolidated/,Dodla Dairy Limited,DODLA
643,JKIL,JKIL,https://www.screener.in/company/JKIL/,J.Kumar Infraprojects Limited,JKIL
644,ROLEXRINGS,ROLEXRINGS,https://www.screener.in/company/ROLEXRINGS/,Rolex Rings Limited,ROLEXRINGS
645,WABAG,WABAG,https://www.screener.in/company/WABAG/consolidated/,VA Tech Wabag Limited,WABAG
646,PRICOLLTD,PRICOLLTD,https://www.screener.in/company/PRICOLLTD/consolidated/,Pricol Limited,PRICOLLTD
647,HCG,HCG,https://www.screener.in/company/HCG/consolidated/,Healthcare Global Enterprises Limited,HCG
648,AGI,AGI,https://www.screener.in/company/AGI/,AGI Greenpac Limited,AGI
649,DBCORP,DBCORP,https://www.screener.in/company/DBCORP/consolidated/,D.B.Corp Limited,DBCORP
650,FUSION,FUSION,https://www.screener.in/company/FUSION/,Fusion Micro Finance Limited,FUSION
651,DHANUKA,DHANUKA,https://www.screener.in/company/DHANUKA/consolidated/,Dhanuka Agritech Limited,DHANUKA
652,MASFIN,MASFIN,https://www.screener.in/company/MASFIN/consolidated/,MAS Financial Services Limited,MASFIN
653,SULA,SULA,https://www.screener.in/company/SULA/consolidated/,Sula Vineyards Limited,SULA
654,TDPOWERSYS,TDPOWERSYS,https://www.screener.in/company/TDPOWERSYS/consolidated/,TD Power Systems Limited,TDPOWERSYS
655,GALLANTT,GALLANTT,https://www.screener.in/company/GALLANTT/,Gallantt Ispat Limited,GALLANTT
656,JAYNECOIND,JAYNECOIND,https://www.screener.in/company/JAYNECOIND/,Jayaswal Neco Industries Limited,JAYNECOIND
657,GULFOILLUB,GULFOILLUB,https://www.screener.in/company/GULFOILLUB/,Gulf Oil Lubricants India Limited,GULFOILLUB
658,SAMHI,SAMHI,https://www.screener.in/company/SAMHI/consolidated/,Samhi Hotels Limited,SAMHI
659,TEAMLEASE,TEAMLEASE,https://www.screener.in/company/TEAMLEASE/consolidated/,Teamlease Services Limited,TEAMLEASE
660,KIRLPNU,KIRLPNU,https://www.screener.in/company/KIRLPNU/,Kirloskar Pneumatic Company Limited,KIRLPNU
661,EPIGRAL,EPIGRAL,https://www.screener.in/company/EPIGRAL/,Epigral Limited,EPIGRAL
662,TIIL,TIIL,https://www.screener.in/company/TIIL/consolidated/,Technocraft Industries (India) Limited,TIIL
663,GOPAL,GOPAL,https://www.screener.in/company/GOPAL/,Gopal Snacks Limited,GOPAL
664,JTEKTINDIA,JTEKTINDIA,https://www.screener.in/company/JTEKTINDIA/,Jtekt India Limited,JTEKTINDIA
665,HEIDELBERG,HEIDELBERG,https://www.screener.in/company/HEIDELBERG/,HeidelbergCement India Limited,HEIDELBERG
666,SUNDARMHLD,SUNDARMHLD,https://www.screener.in/company/SUNDARMHLD/consolidated/,Sundaram Finance Holdings Limited,SUNDARMHLD
667,RTNPOWER,RTNPOWER,https://www.screener.in/company/RTNPOWER/consolidated/,RattanIndia Power Limited,RTNPOWER
668,STLTECH,STLTECH,https://www.screener.in/company/STLTECH/consolidated/,Sterlite Technologies Limited,STLTECH
669,JPASSOCIAT,JPASSOCIAT,https://www.screener.in/company/JPASSOCIAT/consolidated/,Jaiprakash Associates Limited,JPASSOCIAT
670,PATELENG,PATELENG,https://www.screener.in/company/PATELENG/consolidated/,Patel Engineering Limited,PATELENG
671,ASHOKA,ASHOKA,https://www.screener.in/company/ASHOKA/consolidated/,Ashoka Buildcon Limited,ASHOKA
672,SINDHUTRAD,SINDHUTRAD,https://www.screener.in/company/SINDHUTRAD/consolidated/,Sindhu Trade Links Limited,SINDHUTRAD
673,PGEL,PGEL,https://www.screener.in/company/PGEL/consolidated/,PG Electroplast Limited,PGEL
674,NFL,NFL,https://www.screener.in/company/NFL/consolidated/,National Fertilizers Limited,NFL
675,ENTERO,ENTERO,https://www.screener.in/company/ENTERO/consolidated/,Entero Healthcare Solutions Limited,ENTERO
676,JSFB,JSFB,https://www.screener.in/company/JSFB/,Jana Small Finance Bank Limited,JSFB
677,GOKEX,GOKEX,https://www.screener.in/company/GOKEX/consolidated/,Gokaldas Exports Limited,GOKEX
678,BANCOINDIA,BANCOINDIA,https://www.screener.in/company/BANCOINDIA/consolidated/,Banco Products (I) Limited,BANCOINDIA
679,VMART,VMART,https://www.screener.in/company/VMART/,V-Mart Retail Limited,VMART
680,SHANTIGEAR,SHANTIGEAR,https://www.screener.in/company/SHANTIGEAR/,Shanthi Gears Limited,SHANTIGEAR
681,GHCL,GHCL,https://www.screener.in/company/GHCL/consolidated/,GHCL Limited,GHCL
682,SUDARSCHEM,SUDARSCHEM,https://www.screener.in/company/SUDARSCHEM/consolidated/,Sudarshan Chemical Industries Limited,SUDARSCHEM
683,WELENT,WELENT,https://www.screener.in/company/WELENT/consolidated/,Welspun Enterprises Limited,WELENT
684,FEDFINA,FEDFINA,https://www.screener.in/company/FEDFINA/,Fedbank Financial Services Limited,FEDFINA
685,NOCIL,NOCIL,https://www.screener.in/company/NOCIL/consolidated/,NOCIL Limited,NOCIL
686,TARC,TARC,https://www.screener.in/company/TARC/consolidated/,TARC Limited,TARC
687,KKCL,KKCL,https://www.screener.in/company/KKCL/,Kewal Kiran Clothing Limited,KKCL
688,ORIENTELEC,ORIENTELEC,https://www.screener.in/company/ORIENTELEC/,Orient Electric Limited,ORIENTELEC
689,BOROLTD,BOROLTD,https://www.screener.in/company/BOROLTD/consolidated/,Borosil Limited,BOROLTD
690,KIRLOSIND,KIRLOSIND,https://www.screener.in/company/KIRLOSIND/consolidated/,Kirloskar Industries Limited,KIRLOSIND
691,BALMLAWRIE,BALMLAWRIE,https://www.screener.in/company/BALMLAWRIE/consolidated/,Balmer Lawrie & Company Limited,BALMLAWRIE
692,FCL,FCL,https://www.screener.in/company/FCL/consolidated/,Fineotex Chemical Limited,FCL
693,GRWRHITECH,GRWRHITECH,https://www.screener.in/company/GRWRHITECH/consolidated/,Garware Hi-Tech Films Limited,GRWRHITECH
694,SHARDAMOTR,SHARDAMOTR,https://www.screener.in/company/SHARDAMOTR/,Sharda Motor Industries Limited,SHARDAMOTR
695,PARKHOTELS,PARKHOTELS,https://www.screener.in/company/PARKHOTELS/consolidated/,Apeejay Surrendra Park Hotels Limited,PARKHOTELS
696,MAXESTATES,MAXESTATES,https://www.screener.in/company/MAXESTATES/consolidated/,Max Estates Limited,MAXESTATES
697,TI,TI,https://www.screener.in/company/TI/consolidated/,Tilaknagar Industries Limited,TI
698,AMIORG,AMIORG,https://www.screener.in/company/AMIORG/consolidated/,Ami Organics Limited,AMIORG
699,ORIENTCEM,ORIENTCEM,https://www.screener.in/company/ORIENTCEM/,Orient Cement Limited,ORIENTCEM
700,SHILPAMED,SHILPAMED,https://www.screener.in/company/SHILPAMED/consolidated/,Shilpa Medicare Limited,SHILPAMED
701,AARTIDRUGS,AARTIDRUGS,https://www.screener.in/company/AARTIDRUGS/,Aarti Drugs Limited,AARTIDRUGS
702,LGBBROSLTD,LGBBROSLTD,https://www.screener.in/company/LGBBROSLTD/consolidated/,LG Balakrishnan & Bros Limited,LGBBROSLTD
703,AARTIPHARM,AARTIPHARM,https://www.screener.in/company/AARTIPHARM/consolidated/,Aarti Pharmalabs Limited,AARTIPHARM
704,TCIEXP,TCIEXP,https://www.screener.in/company/TCIEXP/,TCI Express Limited,TCIEXP
705,WSTCSTPAPR,WSTCSTPAPR,https://www.screener.in/company/WSTCSTPAPR/consolidated/,West Coast Paper Mills Limited,WSTCSTPAPR
706,ADVENZYMES,ADVENZYMES,https://www.screener.in/company/ADVENZYMES/consolidated/,Advanced Enzyme Technologies Limited,ADVENZYMES
707,PRIVISCL,PRIVISCL,https://www.screener.in/company/PRIVISCL/consolidated/,Privi Speciality Chemicals Limited,PRIVISCL
708,GREENPANEL,GREENPANEL,https://www.screener.in/company/GREENPANEL/,Greenpanel Industries Limited,GREENPANEL
709,VENUSPIPES,VENUSPIPES,https://www.screener.in/company/VENUSPIPES/,Venus Pipes & Tubes Limited,VENUSPIPES
710,BBOX,BBOX,https://www.screener.in/company/BBOX/consolidated/,Black Box Limited,BBOX
712,PILANIINVS,PILANIINVS,https://www.screener.in/company/PILANIINVS/consolidated/,Pilani Investment and Industries Corporation Limited,PILANIINVS
713,ROSSARI,ROSSARI,https://www.screener.in/company/ROSSARI/consolidated/,Rossari Biotech Limited,ROSSARI
714,KSL,KSL,https://www.screener.in/company/KSL/,Kalyani Steels Limited,KSL
715,DCBBANK,DCBBANK,https://www.screener.in/company/DCBBANK/,DCB Bank Limited,DCBBANK
716,IMAGICAA,IMAGICAA,https://www.screener.in/company/IMAGICAA/,Imagicaaworld Entertainment Limited,IMAGICAA
717,BAJAJHIND,BAJAJHIND,https://www.screener.in/company/BAJAJHIND/consolidated/,Bajaj Hindusthan Sugar Limited,BAJAJHIND
718,DCAL,DCAL,https://www.screener.in/company/DCAL/consolidated/,Dishman Carbogen Amcis Limited,DCAL
719,HARSHA,HARSHA,https://www.screener.in/company/HARSHA/,Harsha Engineers International Limited,HARSHA
720,BBL,BBL,https://www.screener.in/company/BBL/,Bharat Bijlee Limited,BBL
721,YATHARTH,YATHARTH,https://www.screener.in/company/YATHARTH/consolidated/,Yatharth Hospital & Trauma Care Services Limited,YATHARTH
722,ORISSAMINE,ORISSAMINE,https://www.screener.in/company/ORISSAMINE/,The Orissa Minerals Development Company Limited,ORISSAMINE
723,THANGAMAYL,THANGAMAYL,https://www.screener.in/company/THANGAMAYL/,Thangamayil Jewellery Limited,THANGAMAYL
724,ZAGGLE,ZAGGLE,https://www.screener.in/company/ZAGGLE/,Zaggle Prepaid Ocean Services Limited,ZAGGLE
725,BHARATRAS,BHARATRAS,https://www.screener.in/company/BHARATRAS/,Bharat Rasayan Limited,BHARATRAS
726,KOLTEPATIL,KOLTEPATIL,https://www.screener.in/company/KOLTEPATIL/consolidated/,Kolte - Patil Developers Limited,KOLTEPATIL
727,KSCL,KSCL,https://www.screener.in/company/KSCL/consolidated/,Kaveri Seed Company Limited,KSCL
728,MEDIASSIST,MEDIASSIST,https://www.screener.in/company/MEDIASSIST/consolidated/,Medi Assist Healthcare Services Limited,MEDIASSIST
729,INOXGREEN,INOXGREEN,https://www.screener.in/company/INOXGREEN/consolidated/,Inox Green Energy Services Limited,INOXGREEN
730,HATHWAY,HATHWAY,https://www.screener.in/company/HATHWAY/consolidated/,Hathway Cable & Datacom Limited,HATHWAY
731,SSWL,SSWL,https://www.screener.in/company/SSWL/consolidated/,Steel Strips Wheels Limited,SSWL
732,UNICHEMLAB,UNICHEMLAB,https://www.screener.in/company/UNICHEMLAB/consolidated/,Unichem Laboratories Limited,UNICHEMLAB
733,CIGNITITEC,CIGNITITEC,https://www.screener.in/company/CIGNITITEC/consolidated/,Cigniti Technologies Limited,CIGNITITEC
734,IMFA,IMFA,https://www.screener.in/company/IMFA/consolidated/,Indian Metals & Ferro Alloys Limited,IMFA
735,ASHAPURMIN,ASHAPURMIN,https://www.screener.in/company/ASHAPURMIN/consolidated/,Ashapura Minechem Limited,ASHAPURMIN
736,HGS,HGS,https://www.screener.in/company/HGS/consolidated/,Hinduja Global Solutions Limited,HGS
737,MUTHOOTMF,MUTHOOTMF,https://www.screener.in/company/MUTHOOTMF/,Muthoot Microfin Limited,MUTHOOTMF
738,SUBROS,SUBROS,https://www.screener.in/company/SUBROS/consolidated/,Subros Limited,SUBROS
739,RAMKY,RAMKY,https://www.screener.in/company/RAMKY/consolidated/,Ramky Infrastructure Limited,RAMKY
740,SUNFLAG,SUNFLAG,https://www.screener.in/company/SUNFLAG/consolidated/,Sunflag Iron And Steel Company Limited,SUNFLAG
741,CARERATING,CARERATING,https://www.screener.in/company/CARERATING/consolidated/,CARE Ratings Limited,CARERATING
742,GENSOL,GENSOL,https://www.screener.in/company/GENSOL/consolidated/,Gensol Engineering Limited,GENSOL
743,SKIPPER,SKIPPER,https://www.screener.in/company/SKIPPER/,Skipper Limited,SKIPPER
744,LAOPALA,LAOPALA,https://www.screener.in/company/LAOPALA/,La Opala RG Limited,LAOPALA
745,LUMAXTECH,LUMAXTECH,https://www.screener.in/company/LUMAXTECH/consolidated/,Lumax Auto Technologies Limited,LUMAXTECH
746,DCXINDIA,DCXINDIA,https://www.screener.in/company/DCXINDIA/consolidated/,DCX Systems Limited,DCXINDIA
747,BOMDYEING,BOMDYEING,https://www.screener.in/company/BOMDYEING/,Bombay Dyeing & Mfg Company Limited,BOMDYEING
748,HIKAL,HIKAL,https://www.screener.in/company/HIKAL/consolidated/,Hikal Limited,HIKAL
749,JISLJALEQS,JISLJALEQS,https://www.screener.in/company/JISLJALEQS/consolidated/,Jain Irrigation Systems Limited,JISLJALEQS
750,CUPID,CUPID,https://www.screener.in/company/CUPID/,Cupid Limited,CUPID
751,AVALON,AVALON,https://www.screener.in/company/AVALON/consolidated/,Avalon Technologies Limited,AVALON
752,LUXIND,LUXIND,https://www.screener.in/company/LUXIND/consolidated/,Lux Industries Limited,LUXIND
753,NUCLEUS,NUCLEUS,https://www.screener.in/company/NUCLEUS/consolidated/,Nucleus Software Exports Limited,NUCLEUS
754,TASTYBITE,TASTYBITE,https://www.screener.in/company/TASTYBITE/,Tasty Bite Eatables Limited,TASTYBITE
755,SOTL,SOTL,https://www.screener.in/company/SOTL/,Savita Oil Technologies Limited,SOTL
756,ARVSMART,ARVSMART,https://www.screener.in/company/ARVSMART/consolidated/,Arvind SmartSpaces Limited,ARVSMART
757,SANDHAR,SANDHAR,https://www.screener.in/company/SANDHAR/consolidated/,Sandhar Technologies Limited,SANDHAR
758,SALASAR,SALASAR,https://www.screener.in/company/SALASAR/consolidated/,Salasar Techno Engineering Limited,SALASAR
759,NEOGEN,NEOGEN,https://www.screener.in/company/NEOGEN/consolidated/,Neogen Chemicals Limited,NEOGEN
760,DATAMATICS,DATAMATICS,https://www.screener.in/company/DATAMATICS/consolidated/,Datamatics Global Services Limited,DATAMATICS
761,JTLIND,JTLIND,https://www.screener.in/company/JTLIND/,JTL INDUSTRIES LIMITED,JTLIND
762,ANUP,ANUP,https://www.screener.in/company/ANUP/,The Anup Engineering Limited,ANUP
763,HERITGFOOD,HERITGFOOD,https://www.screener.in/company/HERITGFOOD/consolidated/,Heritage Foods Limited,HERITGFOOD
764,THYROCARE,THYROCARE,https://www.screener.in/company/THYROCARE/,Thyrocare Technologies Limited,THYROCARE
765,VADILALIND,VADILALIND,https://www.screener.in/company/VADILALIND/consolidated/,Vadilal Industries Limited,VADILALIND
766,NAVNETEDUL,NAVNETEDUL,https://www.screener.in/company/NAVNETEDUL/consolidated/,Navneet Education Limited,NAVNETEDUL
767,DISHTV,DISHTV,https://www.screener.in/company/DISHTV/consolidated/,Dish TV India Limited,DISHTV
768,KDDL,KDDL,https://www.screener.in/company/KDDL/consolidated/,KDDL Limited,KDDL
769,KALAMANDIR,KALAMANDIR,https://www.screener.in/company/KALAMANDIR/,Sai Silks (Kalamandir) Limited,KALAMANDIR
770,LANDMARK,LANDMARK,https://www.screener.in/company/LANDMARK/consolidated/,Landmark Cars Limited,LANDMARK
771,INDOCO,INDOCO,https://www.screener.in/company/INDOCO/consolidated/,Indoco Remedies Limited,INDOCO
772,BAJAJCON,BAJAJCON,https://www.screener.in/company/BAJAJCON/consolidated/,Bajaj Consumer Care Limited,BAJAJCON
773,TVSSRICHAK,TVSSRICHAK,https://www.screener.in/company/TVSSRICHAK/consolidated/,TVS Srichakra Limited,TVSSRICHAK
774,CARTRADE,CARTRADE,https://www.screener.in/company/CARTRADE/consolidated/,Cartrade Tech Limited,CARTRADE
775,SBCL,SBCL,https://www.screener.in/company/SBCL/consolidated/,Shivalik Bimetal Controls Limited,SBCL
776,FIEMIND,FIEMIND,https://www.screener.in/company/FIEMIND/consolidated/,Fiem Industries Limited,FIEMIND
777,PRAKASH,PRAKASH,https://www.screener.in/company/PRAKASH/,Prakash Industries Limited,PRAKASH
778,DELTACORP,DELTACORP,https://www.screener.in/company/DELTACORP/consolidated/,Delta Corp Limited,DELTACORP
779,RAJRATAN,RAJRATAN,https://www.screener.in/company/RAJRATAN/consolidated/,Rajratan Global Wire Limited,RAJRATAN
780,IDEAFORGE,IDEAFORGE,https://www.screener.in/company/IDEAFORGE/,Ideaforge Technology Limited,IDEAFORGE
781,MAHLOG,MAHLOG,https://www.screener.in/company/MAHLOG/consolidated/,Mahindra Logistics Limited,MAHLOG
782,PFOCUS,PFOCUS,https://www.screener.in/company/PFOCUS/consolidated/,Prime Focus Limited,PFOCUS
783,GREAVESCOT,GREAVESCOT,https://www.screener.in/company/GREAVESCOT/consolidated/,Greaves Cotton Limited,GREAVESCOT
784,DOLLAR,DOLLAR,https://www.screener.in/company/DOLLAR/,Dollar Industries Limited,DOLLAR
785,UFLEX,UFLEX,https://www.screener.in/company/UFLEX/consolidated/,UFLEX Limited,UFLEX
786,UNITECH,UNITECH,https://www.screener.in/company/UNITECH/consolidated/,Unitech Limited,UNITECH
787,BFUTILITIE,BFUTILITIE,https://www.screener.in/company/BFUTILITIE/consolidated/,BF Utilities Limited,BFUTILITIE
788,SHARDACROP,SHARDACROP,https://www.screener.in/company/SHARDACROP/consolidated/,Sharda Cropchem Limited,SHARDACROP
789,BANARISUG,BANARISUG,https://www.screener.in/company/BANARISUG/,Bannari Amman Sugars Limited,BANARISUG
790,SEQUENT,SEQUENT,https://www.screener.in/company/SEQUENT/consolidated/,Sequent Scientific Limited,SEQUENT
791,GREENPLY,GREENPLY,https://www.screener.in/company/GREENPLY/consolidated/,Greenply Industries Limited,GREENPLY
792,MAITHANALL,MAITHANALL,https://www.screener.in/company/MAITHANALL/consolidated/,Maithan Alloys Limited,MAITHANALL
793,SHK,SHK,https://www.screener.in/company/SHK/consolidated/,S H Kelkar and Company Limited,SHK
794,SUNCLAY,SUNCLAY,https://www.screener.in/company/SUNCLAY/consolidated/,Sundaram Clayton Limited,SUNCLAY
795,GUFICBIO,GUFICBIO,https://www.screener.in/company/GUFICBIO/,Gufic Biosciences Limited,GUFICBIO
796,BLSE,BLSE,https://www.screener.in/company/BLSE/consolidated/,BLS E-Services Limited,BLSE
797,DIACABS,DIACABS,https://www.screener.in/company/DIACABS/consolidated/,Diamond Power Infrastructure Limited,DIACABS
798,ESAFSFB,ESAFSFB,https://www.screener.in/company/ESAFSFB/,ESAF Small Finance Bank Limited,ESAFSFB
799,VSTTILLERS,VSTTILLERS,https://www.screener.in/company/VSTTILLERS/,V.S.T Tillers Tractors Limited,VSTTILLERS
800,HLEGLAS,HLEGLAS,https://www.screener.in/company/HLEGLAS/consolidated/,HLE Glascoat Limited,HLEGLAS
801,BCG,BCG,https://www.screener.in/company/BCG/consolidated/,Brightcom Group Limited,BCG
802,GOODLUCK,GOODLUCK,https://www.screener.in/company/GOODLUCK/consolidated/,Goodluck India Limited,GOODLUCK
803,SWARAJENG,SWARAJENG,https://www.screener.in/company/SWARAJENG/,Swaraj Engines Limited,SWARAJENG
804,SEAMECLTD,SEAMECLTD,https://www.screener.in/company/SEAMECLTD/consolidated/,Seamec Limited,SEAMECLTD
805,SMLISUZU,SMLISUZU,https://www.screener.in/company/SMLISUZU/,SML Isuzu Limited,SMLISUZU
806,ASHIANA,ASHIANA,https://www.screener.in/company/ASHIANA/consolidated/,Ashiana Housing Limited,ASHIANA
807,DALMIASUG,DALMIASUG,https://www.screener.in/company/DALMIASUG/consolidated/,Dalmia Bharat Sugar and Industries Limited,DALMIASUG
808,HINDWAREAP,HINDWAREAP,https://www.screener.in/company/HINDWAREAP/consolidated/,Hindware Home Innovation Limited,HINDWAREAP
809,SAGCEM,SAGCEM,https://www.screener.in/company/SAGCEM/consolidated/,Sagar Cements Limited,SAGCEM
810,SAKSOFT,SAKSOFT,https://www.screener.in/company/SAKSOFT/consolidated/,Saksoft Limited,SAKSOFT
811,APOLLO,APOLLO,https://www.screener.in/company/APOLLO/,Apollo Micro Systems Limited,APOLLO
812,SUPRIYA,SUPRIYA,https://www.screener.in/company/SUPRIYA/,Supriya Lifescience Limited,SUPRIYA
813,AUTOAXLES,AUTOAXLES,https://www.screener.in/company/AUTOAXLES/,Automotive Axles Limited,AUTOAXLES
814,STYLAMIND,STYLAMIND,https://www.screener.in/company/STYLAMIND/,Stylam Industries Limited,STYLAMIND
815,FLAIR,FLAIR,https://www.screener.in/company/FLAIR/,Flair Writing Industries Limited,FLAIR
816,VINDHYATEL,VINDHYATEL,https://www.screener.in/company/VINDHYATEL/consolidated/,Vindhya Telelinks Limited,VINDHYATEL
817,CARYSIL,CARYSIL,https://www.screener.in/company/CARYSIL/consolidated/,CARYSIL LIMITED,CARYSIL
818,THEJO,THEJO,https://www.screener.in/company/THEJO/consolidated/,Thejo Engineering Limited,THEJO
819,MPSLTD,MPSLTD,https://www.screener.in/company/MPSLTD/consolidated/,MPS Limited,MPSLTD
820,MARATHON,MARATHON,https://www.screener.in/company/MARATHON/consolidated/,Marathon Nextgen Realty Limited,MARATHON
822,FILATEX,FILATEX,https://www.screener.in/company/FILATEX/,Filatex India Limited,FILATEX
823,NRBBEARING,NRBBEARING,https://www.screener.in/company/NRBBEARING/consolidated/,NRB Bearing Limited,NRBBEARING
824,JCHAC,JCHAC,https://www.screener.in/company/JCHAC/,Johnson Controls - Hitachi Air Conditioning India Limited,JCHAC
825,MOLDTKPAC,MOLDTKPAC,https://www.screener.in/company/MOLDTKPAC/,Mold-Tek Packaging Limited,MOLDTKPAC
826,DREAMFOLKS,DREAMFOLKS,https://www.screener.in/company/DREAMFOLKS/consolidated/,Dreamfolks Services Limited,DREAMFOLKS
827,GMRP&UI,GMRP&UI,https://www.screener.in/company/GMRP&UI/consolidated/,GMR Power and Urban Infra Limited,SCRIP-305653
828,SHALBY,SHALBY,https://www.screener.in/company/SHALBY/consolidated/,Shalby Limited,SHALBY
829,INNOVACAP,INNOVACAP,https://www.screener.in/company/INNOVACAP/consolidated/,Innova Captab Limited,INNOVACAP
830,PFS,PFS,https://www.screener.in/company/PFS/,PTC India Financial Services Limited,PFS
831,AJMERA,AJMERA,https://www.screener.in/company/AJMERA/consolidated/,Ajmera Realty & Infra India Limited,AJMERA
832,HMAAGRO,HMAAGRO,https://www.screener.in/company/HMAAGRO/consolidated/,HMA Agro Industries Limited,HMAAGRO
833,NILKAMAL,NILKAMAL,https://www.screener.in/company/NILKAMAL/consolidated/,Nilkamal Limited,NILKAMAL
834,RPGLIFE,RPGLIFE,https://www.screener.in/company/RPGLIFE/,RPG Life Sciences Limited,RPGLIFE
835,TATVA,TATVA,https://www.screener.in/company/TATVA/consolidated/,Tatva Chintan Pharma Chem Limited,TATVA
836,STYRENIX,STYRENIX,https://www.screener.in/company/STYRENIX/,Styrenix Performance Materials Limited,STYRENIX
837,QUICKHEAL,QUICKHEAL,https://www.screener.in/company/QUICKHEAL/consolidated/,Quick Heal Technologies Limited,QUICKHEAL
838,ACCELYA,ACCELYA,https://www.screener.in/company/ACCELYA/consolidated/,Accelya Solutions India Limited,ACCELYA
839,REPCOHOME,REPCOHOME,https://www.screener.in/company/REPCOHOME/,Repco Home Finance Limited,REPCOHOME
840,PCJEWELLER,PCJEWELLER,https://www.screener.in/company/PCJEWELLER/consolidated/,PC Jeweller Limited,PCJEWELLER
841,APOLLOPIPE,APOLLOPIPE,https://www.screener.in/company/APOLLOPIPE/consolidated/,Apollo Pipes Limited,APOLLOPIPE
842,GANECOS,GANECOS,https://www.screener.in/company/GANECOS/consolidated/,Ganesha Ecosphere Limited,GANECOS
843,PARAGMILK,PARAGMILK,https://www.screener.in/company/PARAGMILK/consolidated/,Parag Milk Foods Limited,PARAGMILK
844,BAJEL,BAJEL,https://www.screener.in/company/BAJEL/,Bajel Projects Limited,BAJEL
845,PSPPROJECT,PSPPROJECT,https://www.screener.in/company/PSPPROJECT/,PSP Projects Limited,PSPPROJECT
846,GIPCL,GIPCL,https://www.screener.in/company/GIPCL/,Gujarat Industries Power Company Limited,GIPCL
847,XPROINDIA,XPROINDIA,https://www.screener.in/company/XPROINDIA/consolidated/,Xpro India Limited,XPROINDIA
848,PITTIENG,PITTIENG,https://www.screener.in/company/PITTIENG/,Pitti Engineering Limited,PITTIENG
849,SHAKTIPUMP,SHAKTIPUMP,https://www.screener.in/company/SHAKTIPUMP/consolidated/,Shakti Pumps (India) Limited,SHAKTIPUMP
851,SHAILY,SHAILY,https://www.screener.in/company/SHAILY/consolidated/,Shaily Engineering Plastics Limited,SHAILY
852,EVEREADY,EVEREADY,https://www.screener.in/company/EVEREADY/consolidated/,Eveready Industries India Limited,EVEREADY
853,CONFIPET,CONFIPET,https://www.screener.in/company/CONFIPET/consolidated/,Confidence Petroleum India Limited,CONFIPET
854,POLYPLEX,POLYPLEX,https://www.screener.in/company/POLYPLEX/consolidated/,Polyplex Corporation Limited,POLYPLEX
855,TAJGVK,TAJGVK,https://www.screener.in/company/TAJGVK/,Taj GVK Hotels & Resorts Limited,TAJGVK
856,TIRUMALCHM,TIRUMALCHM,https://www.screener.in/company/TIRUMALCHM/consolidated/,Thirumalai Chemicals Limited,TIRUMALCHM
857,SPECTRUM,SPECTRUM,https://www.screener.in/company/SPECTRUM/consolidated/,Spectrum Electrical Industries Limited,SPECTRUM
858,PARAS,PARAS,https://www.screener.in/company/PARAS/consolidated/,Paras Defence and Space Technologies Limited,PARAS
859,EXICOM,EXICOM,https://www.screener.in/company/EXICOM/consolidated/,Exicom Tele-Systems Limited,EXICOM
860,PGIL,PGIL,https://www.screener.in/company/PGIL/consolidated/,Pearl Global Industries Limited,PGIL
861,MANORAMA,MANORAMA,https://www.screener.in/company/MANORAMA/,Manorama Industries Limited,MANORAMA
862,SOMANYCERA,SOMANYCERA,https://www.screener.in/company/SOMANYCERA/consolidated/,Somany Ceramics Limited,SOMANYCERA
863,KINGFA,KINGFA,https://www.screener.in/company/KINGFA/,Kingfa Science & Technology (India) Limited,KINGFA
864,FINOPB,FINOPB,https://www.screener.in/company/FINOPB/,Fino Payments Bank Limited,FINOPB
865,UNIPARTS,UNIPARTS,https://www.screener.in/company/UNIPARTS/consolidated/,Uniparts India Limited,UNIPARTS
866,INDOSTAR,INDOSTAR,https://www.screener.in/company/INDOSTAR/consolidated/,IndoStar Capital Finance Limited,INDOSTAR
867,DIVGIITTS,DIVGIITTS,https://www.screener.in/company/DIVGIITTS/,Divgi Torqtransfer Systems Limited,DIVGIITTS
868,HINDOILEXP,HINDOILEXP,https://www.screener.in/company/HINDOILEXP/consolidated/,Hindustan Oil Exploration Company Limited,HINDOILEXP
869,SEPC,SEPC,https://www.screener.in/company/SEPC/consolidated/,SEPC Limited,SEPC
870,INDIAGLYCO,INDIAGLYCO,https://www.screener.in/company/INDIAGLYCO/consolidated/,India Glycols Limited,INDIAGLYCO
871,IPL,IPL,https://www.screener.in/company/IPL/,India Pesticides Limited,IPL
872,GENESYS,GENESYS,https://www.screener.in/company/GENESYS/consolidated/,Genesys International Corporation Limited,GENESYS
873,SANGHIIND,SANGHIIND,https://www.screener.in/company/SANGHIIND/,Sanghi Industries Limited,SANGHIIND
874,BSHSL,BSHSL,https://www.screener.in/company/BSHSL/,Bombay Super Hybrid Seeds Limited,BSHSL
875,SATIN,SATIN,https://www.screener.in/company/SATIN/consolidated/,Satin Creditcare Network Limited,SATIN
876,AXISCADES,AXISCADES,https://www.screener.in/company/AXISCADES/consolidated/,AXISCADES Technologies Limited,AXISCADES
877,ARTEMISMED,ARTEMISMED,https://www.screener.in/company/ARTEMISMED/,Artemis Medicare Services Limited,ARTEMISMED
878,SASKEN,SASKEN,https://www.screener.in/company/SASKEN/consolidated/,Sasken Technologies Limited,SASKEN
879,EIHAHOTELS,EIHAHOTELS,https://www.screener.in/company/EIHAHOTELS/,EIH Associated Hotels Limited,EIHAHOTELS
880,DHANI,DHANI,https://www.screener.in/company/DHANI/consolidated/,Dhani Services Limited,DHANI
881,PRECWIRE,PRECWIRE,https://www.screener.in/company/PRECWIRE/,Precision Wires India Limited,PRECWIRE
882,VIDHIING,VIDHIING,https://www.screener.in/company/VIDHIING/,Vidhi Specialty Food Ingredients Limited,VIDHIING
883,APCOTEXIND,APCOTEXIND,https://www.screener.in/company/APCOTEXIND/,Apcotex Industries Limited,APCOTEXIND
884,HUHTAMAKI,HUHTAMAKI,https://www.screener.in/company/HUHTAMAKI/,Huhtamaki India Limited,HUHTAMAKI
885,LUMAXIND,LUMAXIND,https://www.screener.in/company/LUMAXIND/consolidated/,Lumax Industries Limited,LUMAXIND
886,GOCLCORP,GOCLCORP,https://www.screener.in/company/GOCLCORP/consolidated/,GOCL Corporation Limited,GOCLCORP
887,WENDT,WENDT,https://www.screener.in/company/WENDT/consolidated/,Wendt (India) Limited,WENDT
888,DEN,DEN,https://www.screener.in/company/DEN/consolidated/,Den Networks Limited,DEN
889,YATRA,YATRA,https://www.screener.in/company/YATRA/consolidated/,Yatra Online Limited,YATRA
890,HONDAPOWER,HONDAPOWER,https://www.screener.in/company/HONDAPOWER/,Honda India Power Products Limited,HONDAPOWER
891,KCP,KCP,https://www.screener.in/company/KCP/consolidated/,KCP Limited,KCP
892,EMSLIMITED,EMSLIMITED,https://www.screener.in/company/EMSLIMITED/consolidated/,EMS Limited,EMSLIMITED
893,JAGRAN,JAGRAN,https://www.screener.in/company/JAGRAN/consolidated/,Jagran Prakashan Limited,JAGRAN
894,SANGAMIND,SANGAMIND,https://www.screener.in/company/SANGAMIND/,Sangam (India) Limited,SANGAMIND
895,BEPL,BEPL,https://www.screener.in/company/BEPL/,Bhansali Engineering Polymers Limited,BEPL
896,CAPACITE,CAPACITE,https://www.screener.in/company/CAPACITE/consolidated/,Capacit'e Infraprojects Limited,CAPACITE
897,NPST,NPST,https://www.screener.in/company/NPST/consolidated/,Network People Services Technologies Limited,NPST
898,SUVEN,SUVEN,https://www.screener.in/company/SUVEN/consolidated/,Suven Life Sciences Limited,SUVEN
899,MANINDS,MANINDS,https://www.screener.in/company/MANINDS/consolidated/,Man Industries (India) Limited,MANINDS
900,DIAMONDYD,DIAMONDYD,https://www.screener.in/company/DIAMONDYD/,Prataap Snacks Limited,DIAMONDYD
901,CENTUM,CENTUM,https://www.screener.in/company/CENTUM/consolidated/,Centum Electronics Limited,CENTUM
902,VENKEYS,VENKEYS,https://www.screener.in/company/VENKEYS/,Venky's (India) Limited,VENKEYS
903,IKIO,IKIO,https://www.screener.in/company/IKIO/consolidated/,IKIO Lighting Limited,IKIO
905,OPTIEMUS,OPTIEMUS,https://www.screener.in/company/OPTIEMUS/consolidated/,Optiemus Infracom Limited,OPTIEMUS
906,MOREPENLAB,MOREPENLAB,https://www.screener.in/company/MOREPENLAB/consolidated/,Morepen Laboratories Limited,MOREPENLAB
907,MUKANDLTD,MUKANDLTD,https://www.screener.in/company/MUKANDLTD/consolidated/,Mukand Limited,MUKANDLTD
908,UDS,UDS,https://www.screener.in/company/UDS/consolidated/,Updater Services Limited,UDS
909,ALEMBICLTD,ALEMBICLTD,https://www.screener.in/company/ALEMBICLTD/consolidated/,Alembic Limited,ALEMBICLTD
910,RAMASTEEL,RAMASTEEL,https://www.screener.in/company/RAMASTEEL/consolidated/,Rama Steel Tubes Limited,RAMASTEEL
911,IOLCP,IOLCP,https://www.screener.in/company/IOLCP/,IOL Chemicals and Pharmaceuticals Limited,IOLCP
912,MBAPL,MBAPL,https://www.screener.in/company/MBAPL/,Madhya Bharat Agro Products Limited,MBAPL
913,MMFL,MMFL,https://www.screener.in/company/MMFL/,MM Forgings Limited,MMFL
914,VAKRANGEE,VAKRANGEE,https://www.screener.in/company/VAKRANGEE/consolidated/,Vakrangee Limited,VAKRANGEE
915,TARSONS,TARSONS,https://www.screener.in/company/TARSONS/,Tarsons Products Limited,TARSONS
916,ASTEC,ASTEC,https://www.screener.in/company/ASTEC/consolidated/,Astec LifeSciences Limited,ASTEC
917,JSLL,JSLL,https://www.screener.in/company/JSLL/,Jeena Sikho Lifecare Limited,JSLL
918,VISHNU,VISHNU,https://www.screener.in/company/VISHNU/consolidated/,Vishnu Chemicals Limited,VISHNU
919,TTKHLTCARE,TTKHLTCARE,https://www.screener.in/company/TTKHLTCARE/,TTK Healthcare Limited,TTKHLTCARE
920,MTNL,MTNL,https://www.screener.in/company/MTNL/consolidated/,Mahanagar Telephone Nigam Limited,MTNL
921,RPTECH,RPTECH,https://www.screener.in/company/RPTECH/consolidated/,Rashi Peripherals Limited,RPTECH
922,RPSGVENT,RPSGVENT,https://www.screener.in/company/RPSGVENT/consolidated/,RPSG VENTURES LIMITED,RPSGVENT
923,ORIENTHOT,ORIENTHOT,https://www.screener.in/company/ORIENTHOT/consolidated/,Oriental Hotels Limited,ORIENTHOT
924,GTLINFRA,GTLINFRA,https://www.screener.in/company/GTLINFRA/,GTL Infrastructure Limited,GTLINFRA
925,WEBELSOLAR,WEBELSOLAR,https://www.screener.in/company/WEBELSOLAR/,Websol Energy System Limited,WEBELSOLAR
926,JASH,JASH,https://www.screener.in/company/JASH/consolidated/,Jash Engineering Limited,JASH
927,UGROCAP,UGROCAP,https://www.screener.in/company/UGROCAP/,Ugro Capital Limited,UGROCAP
928,SDBL,SDBL,https://www.screener.in/company/SDBL/consolidated/,Som Distilleries & Breweries Limited,SDBL
929,HPL,HPL,https://www.screener.in/company/HPL/consolidated/,HPL Electric & Power Limited,HPL
930,TCPLPACK,TCPLPACK,https://www.screener.in/company/TCPLPACK/,TCPL Packaging Limited,TCPLPACK
931,ADFFOODS,ADFFOODS,https://www.screener.in/company/ADFFOODS/consolidated/,ADF Foods Limited,ADFFOODS
932,HMT,HMT,https://www.screener.in/company/HMT/consolidated/,HMT Limited,HMT
933,MOL,MOL,https://www.screener.in/company/MOL/consolidated/,Meghmani Organics Limited,MOL
934,MUFIN,MUFIN,https://www.screener.in/company/MUFIN/,Mufin Green Finance Limited,MUFIN
935,THEMISMED,THEMISMED,https://www.screener.in/company/THEMISMED/consolidated/,Themis Medicare Limited,THEMISMED
936,PANAMAPET,PANAMAPET,https://www.screener.in/company/PANAMAPET/consolidated/,Panama Petrochem Limited,PANAMAPET
937,MANGLMCEM,MANGLMCEM,https://www.screener.in/company/MANGLMCEM/,Mangalam Cement Limited,MANGLMCEM
938,SIGNPOST,SIGNPOST,https://www.screener.in/company/SIGNPOST/consolidated/,Signpost India Limited,SIGNPOST
939,HITECH,HITECH,https://www.screener.in/company/HITECH/,Hi-Tech Pipes Limited,HITECH
940,MAYURUNIQ,MAYURUNIQ,https://www.screener.in/company/MAYURUNIQ/,Mayur Uniquoters Ltd,MAYURUNIQ
941,SIYSIL,SIYSIL,https://www.screener.in/company/SIYSIL/,Siyaram Silk Mills Limited,SIYSIL
942,JINDALPOLY,JINDALPOLY,https://www.screener.in/company/JINDALPOLY/consolidated/,Jindal Poly Films Limited,JINDALPOLY
943,KRSNAA,KRSNAA,https://www.screener.in/company/KRSNAA/,Krsnaa Diagnostics Limited,KRSNAA
944,DEEPINDS,DEEPINDS,https://www.screener.in/company/DEEPINDS/consolidated/,Deep Industries Limited,DEEPINDS
945,PNBGILTS,PNBGILTS,https://www.screener.in/company/PNBGILTS/,PNB Gilts Limited,PNBGILTS
946,HIL,HIL,https://www.screener.in/company/HIL/consolidated/,HIL Limited,HIL
947,RICOAUTO,RICOAUTO,https://www.screener.in/company/RICOAUTO/consolidated/,Rico Auto Industries Limited,RICOAUTO
948,BFINVEST,BFINVEST,https://www.screener.in/company/BFINVEST/consolidated/,BF Investment Limited,BFINVEST
949,GANDHAR,GANDHAR,https://www.screener.in/company/GANDHAR/consolidated/,Gandhar Oil Refinery (India) Limited,GANDHAR
950,IFGLEXPOR,IFGLEXPOR,https://www.screener.in/company/IFGLEXPOR/consolidated/,IFGL Refractories Limited,IFGLEXPOR
951,BARBEQUE,BARBEQUE,https://www.screener.in/company/BARBEQUE/consolidated/,Barbeque Nation Hospitality Limited,BARBEQUE
952,ANDHRAPAP,ANDHRAPAP,https://www.screener.in/company/ANDHRAPAP/,ANDHRA PAPER LIMITED,ANDHRAPAP
953,IRMENERGY,IRMENERGY,https://www.screener.in/company/IRMENERGY/consolidated/,IRM Energy Limited,IRMENERGY
954,RIIL,RIIL,https://www.screener.in/company/RIIL/,Reliance Industrial Infrastructure Limited,RIIL
955,SHRIRAMPPS,SHRIRAMPPS,https://www.screener.in/company/SHRIRAMPPS/consolidated/,Shriram Properties Limited,SHRIRAMPPS
956,GLOBUSSPR,GLOBUSSPR,https://www.screener.in/company/GLOBUSSPR/,Globus Spirits Limited,GLOBUSSPR
957,DREDGECORP,DREDGECORP,https://www.screener.in/company/DREDGECORP/,Dredging Corporation of India Limited,DREDGECORP
958,RUPA,RUPA,https://www.screener.in/company/RUPA/consolidated/,Rupa & Company Limited,RUPA
959,SJS,SJS,https://www.screener.in/company/SJS/,S.J.S. Enterprises Limited,SJS
960,PARACABLES,PARACABLES,https://www.screener.in/company/PARACABLES/consolidated/,Paramount Communications Limited,PARACABLES
961,EXPLEOSOL,EXPLEOSOL,https://www.screener.in/company/EXPLEOSOL/consolidated/,Expleo Solutions Limited,EXPLEOSOL
962,PRECAM,PRECAM,https://www.screener.in/company/PRECAM/consolidated/,Precision Camshafts Limited,PRECAM
963,BHARATWIRE,BHARATWIRE,https://www.screener.in/company/BHARATWIRE/,Bharat Wire Ropes Limited,BHARATWIRE
964,GTPL,GTPL,https://www.screener.in/company/GTPL/consolidated/,GTPL Hathway Limited,GTPL
965,VPRPL,VPRPL,https://www.screener.in/company/VPRPL/,Vishnu Prakash R Punglia Limited,VPRPL
966,ADORWELD,ADORWELD,https://www.screener.in/company/ADORWELD/,Ador Welding Limited,ADORWELD
967,DPABHUSHAN,DPABHUSHAN,https://www.screener.in/company/DPABHUSHAN/,D. P. Abhushan Limited,DPABHUSHAN
968,FOSECOIND,FOSECOIND,https://www.screener.in/company/FOSECOIND/,Foseco India Limited,FOSECOIND
969,SCILAL,SCILAL,https://www.screener.in/company/SCILAL/,Shipping Corporation of India Land and Assets Limited,SCILAL
970,SESHAPAPER,SESHAPAPER,https://www.screener.in/company/SESHAPAPER/,Seshasayee Paper and Boards Limited,SESHAPAPER
971,JINDRILL,JINDRILL,https://www.screener.in/company/JINDRILL/consolidated/,Jindal Drilling And Industries Limited,JINDRILL
972,YASHO,YASHO,https://www.screener.in/company/YASHO/consolidated/,Yasho Industries Limited,YASHO
973,GREENPOWER,GREENPOWER,https://www.screener.in/company/GREENPOWER/consolidated/,Orient Green Power Company Limited,GREENPOWER
974,NITINSPIN,NITINSPIN,https://www.screener.in/company/NITINSPIN/,Nitin Spinners Limited,NITINSPIN
975,GOLDIAM,GOLDIAM,https://www.screener.in/company/GOLDIAM/consolidated/,Goldiam International Limited,GOLDIAM
976,PIXTRANS,PIXTRANS,https://www.screener.in/company/PIXTRANS/consolidated/,Pix Transmissions Limited,PIXTRANS
977,SIGACHI,SIGACHI,https://www.screener.in/company/SIGACHI/consolidated/,Sigachi Industries Limited,SIGACHI
978,ARMANFIN,ARMANFIN,https://www.screener.in/company/ARMANFIN/consolidated/,Arman Financial Services Limited,ARMANFIN
979,MONARCH,MONARCH,https://www.screener.in/company/MONARCH/consolidated/,Monarch Networth Capital Limited,MONARCH
980,AMRUTANJAN,AMRUTANJAN,https://www.screener.in/company/AMRUTANJAN/,Amrutanjan Health Care Limited,AMRUTANJAN
981,FMGOETZE,FMGOETZE,https://www.screener.in/company/FMGOETZE/consolidated/,Federal-Mogul Goetze (India) Limited.,FMGOETZE
982,PENIND,PENIND,https://www.screener.in/company/PENIND/consolidated/,Pennar Industries Limited,PENIND
983,GEPIL,GEPIL,https://www.screener.in/company/GEPIL/consolidated/,GE Power India Limited,GEPIL
984,PVSL,PVSL,https://www.screener.in/company/PVSL/consolidated/,Popular Vehicles and Services Limited,PVSL
986,63MOONS,63MOONS,https://www.screener.in/company/63MOONS/consolidated/,63 moons technologies limited,63MOONS
987,CANTABIL,CANTABIL,https://www.screener.in/company/CANTABIL/,Cantabil Retail India Limited,CANTABIL
988,RAMCOIND,RAMCOIND,https://www.screener.in/company/RAMCOIND/consolidated/,Ramco Industries Limited,RAMCOIND
989,JYOTISTRUC,JYOTISTRUC,https://www.screener.in/company/JYOTISTRUC/consolidated/,Jyoti Structures Limited,JYOTISTRUC
990,VSSL,VSSL,https://www.screener.in/company/VSSL/,Vardhman Special Steels Limited,VSSL
991,HERCULES,HERCULES,https://www.screener.in/company/HERCULES/consolidated/,Hercules Hoists Limited,HERCULES
992,NSIL,NSIL,https://www.screener.in/company/NSIL/consolidated/,Nalwa Sons Investments Limited,NSIL
993,HLVLTD,HLVLTD,https://www.screener.in/company/HLVLTD/,HLV LIMITED,HLVLTD
994,SURYODAY,SURYODAY,https://www.screener.in/company/SURYODAY/,Suryoday Small Finance Bank Limited,SURYODAY
995,TNPL,TNPL,https://www.screener.in/company/TNPL/,Tamil Nadu Newsprint & Papers Limited,TNPL
996,SUBEXLTD,SUBEXLTD,https://www.screener.in/company/SUBEXLTD/consolidated/,Subex Limited,SUBEXLTD
997,RISHABH,RISHABH,https://www.screener.in/company/RISHABH/consolidated/,Rishabh Instruments Limited,RISHABH
998,SERVOTECH,SERVOTECH,https://www.screener.in/company/SERVOTECH/,Servotech Power Systems Limited,SERVOTECH
999,BHAGCHEM,BHAGCHEM,https://www.screener.in/company/BHAGCHEM/consolidated/,Bhagiradha Chemicals & Industries Limited,BHAGCHEM
1000,ATFL,ATFL,https://www.screener.in/company/ATFL/consolidated/,Agro Tech Foods Limited,ATFL
1001,OMAXE,OMAXE,https://www.screener.in/company/OMAXE/consolidated/,Omaxe Limited,OMAXE
1002,EVERESTIND,EVERESTIND,https://www.screener.in/company/EVERESTIND/consolidated/,Everest Industries Limited,EVERESTIND
1003,PREMEXPLN,PREMEXPLN,https://www.screener.in/company/PREMEXPLN/,Premier Explosives Limited,PREMEXPLN
1004,GNA,GNA,https://www.screener.in/company/GNA/,GNA Axles Limited,GNA
1005,GOKULAGRO,GOKULAGRO,https://www.screener.in/company/GOKULAGRO/consolidated/,Gokul Agro Resources Limited,GOKULAGRO
1006,TALBROAUTO,TALBROAUTO,https://www.screener.in/company/TALBROAUTO/consolidated/,Talbros Automotive Components Limited,TALBROAUTO
1007,DCMSRIND,DCMSRIND,https://www.screener.in/company/DCMSRIND/consolidated/,DCM Shriram Industries Limited,DCMSRIND
1008,NELCO,NELCO,https://www.screener.in/company/NELCO/consolidated/,NELCO Limited,NELCO
1009,KICL,KICL,https://www.screener.in/company/KICL/,Kalyani Investment Company Limited,KICL
1010,MOTISONS,MOTISONS,https://www.screener.in/company/MOTISONS/,Motisons Jewellers Limited,MOTISONS
1011,5PAISA,5PAISA,https://www.screener.in/company/5PAISA/,5Paisa Capital Limited,5PAISA
1012,KIRIINDUS,KIRIINDUS,https://www.screener.in/company/KIRIINDUS/consolidated/,Kiri Industries Limited,KIRIINDUS
1013,CAPITALSFB,CAPITALSFB,https://www.screener.in/company/CAPITALSFB/,Capital Small Finance Bank Limited,CAPITALSFB
1014,INDRAMEDCO,INDRAMEDCO,https://www.screener.in/company/INDRAMEDCO/,Indraprastha Medical Corporation Limited,INDRAMEDCO
1015,AEROFLEX,AEROFLEX,https://www.screener.in/company/AEROFLEX/,Aeroflex Industries Limited,AEROFLEX
1016,SIRCA,SIRCA,https://www.screener.in/company/SIRCA/,Sirca Paints India Limited,SIRCA
1017,SHANKARA,SHANKARA,https://www.screener.in/company/SHANKARA/consolidated/,Shankara Building Products Limited,SHANKARA
1018,FAIRCHEMOR,FAIRCHEMOR,https://www.screener.in/company/FAIRCHEMOR/,Fairchem Organics Limited,FAIRCHEMOR
1019,BLKASHYAP,BLKASHYAP,https://www.screener.in/company/BLKASHYAP/consolidated/,B. L. Kashyap and Sons Limited,BLKASHYAP
1020,TFCILTD,TFCILTD,https://www.screener.in/company/TFCILTD/,Tourism Finance Corporation of India Limited,TFCILTD
1021,SADHNANIQ,SADHNANIQ,https://www.screener.in/company/SADHNANIQ/consolidated/,Sadhana Nitrochem Limited,SADHNANIQ
1022,INDNIPPON,INDNIPPON,https://www.screener.in/company/INDNIPPON/consolidated/,India Nippon Electricals Limited,INDNIPPON
1023,GVKPIL,GVKPIL,https://www.screener.in/company/GVKPIL/consolidated/,GVK Power & Infrastructure Limited,GVKPIL
1024,RANEHOLDIN,RANEHOLDIN,https://www.screener.in/company/RANEHOLDIN/consolidated/,Rane Holdings Limited,RANEHOLDIN
1025,GEOJITFSL,GEOJITFSL,https://www.screener.in/company/GEOJITFSL/consolidated/,Geojit Financial Services Limited,GEOJITFSL
1026,DCW,DCW,https://www.screener.in/company/DCW/,DCW Limited,DCW
1027,SBGLP,SBGLP,https://www.screener.in/company/SBGLP/consolidated/,Suratwwala Business Group Limited,SBGLP
1028,BCLIND,BCLIND,https://www.screener.in/company/BCLIND/consolidated/,Bcl Industries Limited,BCLIND
1029,SMSPHARMA,SMSPHARMA,https://www.screener.in/company/SMSPHARMA/,SMS Pharmaceuticals Limited,SMSPHARMA
1030,DPSCLTD,DPSCLTD,https://www.screener.in/company/DPSCLTD/consolidated/,DPSC Limited,DPSCLTD
1031,CAMLINFINE,CAMLINFINE,https://www.screener.in/company/CAMLINFINE/consolidated/,Camlin Fine Sciences Limited,CAMLINFINE
1032,CONTROLPR,CONTROLPR,https://www.screener.in/company/CONTROLPR/consolidated/,Control Print Limited,CONTROLPR
1033,REFEX,REFEX,https://www.screener.in/company/REFEX/consolidated/,Refex Industries Limited,REFEX
1034,KRISHANA,KRISHANA,https://www.screener.in/company/KRISHANA/,Krishana Phoschem Limited,KRISHANA
1035,EKC,EKC,https://www.screener.in/company/EKC/consolidated/,Everest Kanto Cylinder Limited,EKC
1036,WHEELS,WHEELS,https://www.screener.in/company/WHEELS/,Wheels India Limited,WHEELS
1037,JITFINFRA,JITFINFRA,https://www.screener.in/company/JITFINFRA/consolidated/,JITF Infralogistics Limited,JITFINFRA
1038,V2RETAIL,V2RETAIL,https://www.screener.in/company/V2RETAIL/,V2 Retail Limited,V2RETAIL
1039,SALZERELEC,SALZERELEC,https://www.screener.in/company/SALZERELEC/,Salzer Electronics Limited,SALZERELEC
1040,UNIVCABLES,UNIVCABLES,https://www.screener.in/company/UNIVCABLES/consolidated/,Universal Cables Limited,UNIVCABLES
1041,SPAL,SPAL,https://www.screener.in/company/SPAL/consolidated/,S. P. Apparels Limited,SPAL
1042,EPACK,EPACK,https://www.screener.in/company/EPACK/consolidated/,EPACK Durable Limited,EPACK
1043,SWELECTES,SWELECTES,https://www.screener.in/company/SWELECTES/consolidated/,Swelect Energy Systems Limited,SWELECTES
1044,GPTHEALTH,GPTHEALTH,https://www.screener.in/company/GPTHEALTH/,GPT Healthcare Limited,GPTHEALTH
1045,HITECHGEAR,HITECHGEAR,https://www.screener.in/company/HITECHGEAR/consolidated/,The Hi-Tech Gears Limited,HITECHGEAR
1046,INSECTICID,INSECTICID,https://www.screener.in/company/INSECTICID/,Insecticides (India) Limited,INSECTICID
1047,PENINLAND,PENINLAND,https://www.screener.in/company/PENINLAND/consolidated/,Peninsula Land Limited,PENINLAND
1048,SHREDIGCEM,SHREDIGCEM,https://www.screener.in/company/SHREDIGCEM/,Shree Digvijay Cement Co.Ltd,SHREDIGCEM
1049,SPIC,SPIC,https://www.screener.in/company/SPIC/consolidated/,Southern Petrochemicals Industries Corporation  Limited,SPIC
1050,NIITLTD,NIITLTD,https://www.screener.in/company/NIITLTD/consolidated/,NIIT Limited,NIITLTD
1051,BIGBLOC,BIGBLOC,https://www.screener.in/company/BIGBLOC/consolidated/,Bigbloc Construction Limited,BIGBLOC
1052,ORIANA,ORIANA,https://www.screener.in/company/ORIANA/consolidated/,Oriana Power Limited,ORIANA
1053,SPCENET,SPCENET,https://www.screener.in/company/SPCENET/consolidated/,Spacenet Enterprises India Limited,SPCENET
1054,SHALPAINTS,SHALPAINTS,https://www.screener.in/company/SHALPAINTS/consolidated/,Shalimar Paints Limited,SHALPAINTS
1055,KAMDHENU,KAMDHENU,https://www.screener.in/company/KAMDHENU/,Kamdhenu Limited,KAMDHENU
1056,STOVEKRAFT,STOVEKRAFT,https://www.screener.in/company/STOVEKRAFT/,Stove Kraft Limited,STOVEKRAFT
1057,RKSWAMY,RKSWAMY,https://www.screener.in/company/RKSWAMY/consolidated/,R K Swamy Limited,RKSWAMY
1058,NAVKARCORP,NAVKARCORP,https://www.screener.in/company/NAVKARCORP/,Navkar Corporation Limited,NAVKARCORP
1059,BUTTERFLY,BUTTERFLY,https://www.screener.in/company/BUTTERFLY/,Butterfly Gandhimathi Appliances Limited,BUTTERFLY
1060,DHAMPURSUG,DHAMPURSUG,https://www.screener.in/company/DHAMPURSUG/consolidated/,Dhampur Sugar Mills Limited,DHAMPURSUG
1061,NDTV,NDTV,https://www.screener.in/company/NDTV/consolidated/,New Delhi Television Limited,NDTV
1062,ARIHANTSUP,ARIHANTSUP,https://www.screener.in/company/ARIHANTSUP/consolidated/,Arihant Superstructures Limited,ARIHANTSUP
1063,VASCONEQ,VASCONEQ,https://www.screener.in/company/VASCONEQ/consolidated/,Vascon Engineers Limited,VASCONEQ
1064,KUANTUM,KUANTUM,https://www.screener.in/company/KUANTUM/,Kuantum Papers Limited,KUANTUM
1065,APTECHT,APTECHT,https://www.screener.in/company/APTECHT/consolidated/,Aptech Limited,APTECHT
1066,INDIANHUME,INDIANHUME,https://www.screener.in/company/INDIANHUME/,Indian Hume Pipe Company Limited,INDIANHUME
1067,ROSSELLIND,ROSSELLIND,https://www.screener.in/company/ROSSELLIND/consolidated/,Rossell India Limited,ROSSELLIND
1068,AHL,AHL,https://www.screener.in/company/AHL/consolidated/,Abans Holdings Limited,AHL
1069,SOLARA,SOLARA,https://www.screener.in/company/SOLARA/consolidated/,Solara Active Pharma Sciences Limited,SOLARA
1070,SUMMITSEC,SUMMITSEC,https://www.screener.in/company/SUMMITSEC/consolidated/,Summit Securities Limited,SUMMITSEC
1071,ALICON,ALICON,https://www.screener.in/company/ALICON/consolidated/,Alicon Castalloy Limited,ALICON
1072,KSOLVES,KSOLVES,https://www.screener.in/company/KSOLVES/,Ksolves India Limited,KSOLVES
1073,IGPL,IGPL,https://www.screener.in/company/IGPL/,IG Petrochemicals Limited,IGPL
1074,STEELCAS,STEELCAS,https://www.screener.in/company/STEELCAS/,Steelcast Limited,STEELCAS
1075,POKARNA,POKARNA,https://www.screener.in/company/POKARNA/consolidated/,Pokarna Limited,POKARNA
1076,ATL,ATL,https://www.screener.in/company/ATL/consolidated/,Allcargo Terminals Limited,ATL
1077,ATULAUTO,ATULAUTO,https://www.screener.in/company/ATULAUTO/consolidated/,Atul Auto Limited,ATULAUTO
1078,GANESHBE,GANESHBE,https://www.screener.in/company/GANESHBE/,Ganesh Benzoplast Limited,GANESHBE
1079,COSMOFIRST,COSMOFIRST,https://www.screener.in/company/COSMOFIRST/consolidated/,COSMO FIRST LIMITED,COSMOFIRST
1080,AWHCL,AWHCL,https://www.screener.in/company/AWHCL/consolidated/,Antony Waste Handling Cell Limited,AWHCL
1081,DWARKESH,DWARKESH,https://www.screener.in/company/DWARKESH/,Dwarikesh Sugar Industries Limited,DWARKESH
1082,HARIOMPIPE,HARIOMPIPE,https://www.screener.in/company/HARIOMPIPE/,Hariom Pipe Industries Limited,HARIOMPIPE
1083,SMCGLOBAL,SMCGLOBAL,https://www.screener.in/company/SMCGLOBAL/consolidated/,SMC Global Securities Limited,SMCGLOBAL
1084,MADRASFERT,MADRASFERT,https://www.screener.in/company/MADRASFERT/,Madras Fertilizers Limited,MADRASFERT
1085,DSSL,DSSL,https://www.screener.in/company/DSSL/,Dynacons Systems & Solutions Limited,DSSL
1086,STEELXIND,STEELXIND,https://www.screener.in/company/STEELXIND/,STEEL EXCHANGE INDIA LIMITED,STEELXIND
1087,MONTECARLO,MONTECARLO,https://www.screener.in/company/MONTECARLO/,Monte Carlo Fashions Limited,MONTECARLO
1088,E2E,E2E,https://www.screener.in/company/E2E/,E2E Networks Limited,E2E
1089,VERTOZ,VERTOZ,https://www.screener.in/company/VERTOZ/consolidated/,Vertoz Advertising Limited,VERTOZ
1090,GIRIRAJ,GIRIRAJ,https://www.screener.in/company/GIRIRAJ/,Giriraj Civil Developers Limited,GIRIRAJ
1091,NGLFINE,NGLFINE,https://www.screener.in/company/NGLFINE/,NGL Fine-Chem Limited,NGLFINE
1092,IGARASHI,IGARASHI,https://www.screener.in/company/IGARASHI/,Igarashi Motors India Limited,IGARASHI
1093,JAYBARMARU,JAYBARMARU,https://www.screener.in/company/JAYBARMARU/,Jay Bharat Maruti Limited,JAYBARMARU
1094,AVTNPL,AVTNPL,https://www.screener.in/company/AVTNPL/consolidated/,AVT Natural Products Limited,AVTNPL
1095,SKYGOLD,SKYGOLD,https://www.screener.in/company/SKYGOLD/consolidated/,Sky Gold Limited,SKYGOLD
1096,TVTODAY,TVTODAY,https://www.screener.in/company/TVTODAY/consolidated/,TV Today Network Limited,TVTODAY
1097,XCHANGING,XCHANGING,https://www.screener.in/company/XCHANGING/consolidated/,Xchanging Solutions Limited,XCHANGING
1098,ANDHRSUGAR,ANDHRSUGAR,https://www.screener.in/company/ANDHRSUGAR/consolidated/,The Andhra Sugars Limited,ANDHRSUGAR
1099,ACLGATI,ACLGATI,https://www.screener.in/company/ACLGATI/consolidated/,Allcargo Gati Limited,ACLGATI
1100,KOPRAN,KOPRAN,https://www.screener.in/company/KOPRAN/consolidated/,Kopran Limited,KOPRAN
1101,ENIL,ENIL,https://www.screener.in/company/ENIL/consolidated/,Entertainment Network (India) Limited,ENIL
1102,VERANDA,VERANDA,https://www.screener.in/company/VERANDA/consolidated/,Veranda Learning Solutions Limited,VERANDA
1103,MVGJL,MVGJL,https://www.screener.in/company/MVGJL/,Manoj Vaibhav Gems N Jewellers Limited,MVGJL
1104,OMINFRAL,OMINFRAL,https://www.screener.in/company/OMINFRAL/consolidated/,OM INFRA LIMITED,OMINFRAL
1105,ZOTA,ZOTA,https://www.screener.in/company/ZOTA/consolidated/,Zota Health Care LImited,ZOTA
1106,SNOWMAN,SNOWMAN,https://www.screener.in/company/SNOWMAN/,Snowman Logistics Limited,SNOWMAN
1107,RAJRILTD,RAJRILTD,https://www.screener.in/company/RAJRILTD/,Raj Rayon Industries Limited,RAJRILTD
1108,PUNJABCHEM,PUNJABCHEM,https://www.screener.in/company/PUNJABCHEM/consolidated/,Punjab Chemicals & Crop Protection Limited,PUNJABCHEM
1109,KITEX,KITEX,https://www.screener.in/company/KITEX/consolidated/,Kitex Garments Limited,KITEX
1110,TEXINFRA,TEXINFRA,https://www.screener.in/company/TEXINFRA/consolidated/,Texmaco Infrastructure & Holdings Limited,TEXINFRA
1111,IMPAL,IMPAL,https://www.screener.in/company/IMPAL/,India Motor Parts and Accessories Limited,IMPAL
1112,HIMATSEIDE,HIMATSEIDE,https://www.screener.in/company/HIMATSEIDE/consolidated/,Himatsingka Seide Limited,HIMATSEIDE
1113,DOLATALGO,DOLATALGO,https://www.screener.in/company/DOLATALGO/,Dolat Algotech Limited,DOLATALGO
1114,MANGCHEFER,MANGCHEFER,https://www.screener.in/company/MANGCHEFER/,Mangalore Chemicals & Fertilizers Limited,MANGCHEFER
1115,AGARIND,AGARIND,https://www.screener.in/company/AGARIND/consolidated/,Agarwal Industrial Corporation Limited,AGARIND
1116,REPRO,REPRO,https://www.screener.in/company/REPRO/consolidated/,Repro India Limited,REPRO
1117,DOLPHIN,DOLPHIN,https://www.screener.in/company/DOLPHIN/consolidated/,Dolphin Offshore Enterprises (India) Limited,DOLPHIN
1118,UTTAMSUGAR,UTTAMSUGAR,https://www.screener.in/company/UTTAMSUGAR/consolidated/,Uttam Sugar Mills Limited,UTTAMSUGAR
1119,CENTRUM,CENTRUM,https://www.screener.in/company/CENTRUM/consolidated/,Centrum Capital Limited,CENTRUM
1120,HESTERBIO,HESTERBIO,https://www.screener.in/company/HESTERBIO/consolidated/,Hester Biosciences Limited,HESTERBIO
1121,BETA,BETA,https://www.screener.in/company/BETA/consolidated/,Beta Drugs Limited,BETA
1122,MARINE,MARINE,https://www.screener.in/company/MARINE/consolidated/,Marine Electricals (India) Limited,MARINE
1123,BLISSGVS,BLISSGVS,https://www.screener.in/company/BLISSGVS/consolidated/,Bliss GVS Pharma Limited,BLISSGVS
1124,MSPL,MSPL,https://www.screener.in/company/MSPL/consolidated/,MSP Steel & Power Limited,MSPL
1125,LINCOLN,LINCOLN,https://www.screener.in/company/LINCOLN/consolidated/,Lincoln Pharmaceuticals Limited,LINCOLN
1126,SAURASHCEM,SAURASHCEM,https://www.screener.in/company/SAURASHCEM/consolidated/,Saurashtra Cement Limited,SAURASHCEM
1127,MATRIMONY,MATRIMONY,https://www.screener.in/company/MATRIMONY/consolidated/,Matrimony.Com Limited,MATRIMONY
1128,HARDWYN,HARDWYN,https://www.screener.in/company/HARDWYN/,Hardwyn India Limited,HARDWYN
1129,GMBREW,GMBREW,https://www.screener.in/company/GMBREW/,GM Breweries Limited,GMBREW
1130,SURAJEST,SURAJEST,https://www.screener.in/company/SURAJEST/consolidated/,Suraj Estate Developers Limited,SURAJEST
1131,SICALLOG,SICALLOG,https://www.screener.in/company/SICALLOG/consolidated/,Sical Logistics Limited,SICALLOG
1132,TREL,TREL,https://www.screener.in/company/TREL/consolidated/,Transindia Real Estate Limited,TREL
1133,PAKKA,PAKKA,https://www.screener.in/company/PAKKA/,PAKKA LIMITED,PAKKA
1134,HERANBA,HERANBA,https://www.screener.in/company/HERANBA/consolidated/,Heranba Industries Limited,HERANBA
1135,RAMRAT,RAMRAT,https://www.screener.in/company/RAMRAT/consolidated/,Ram Ratna Wires Limited,RAMRAT
1136,DVL,DVL,https://www.screener.in/company/DVL/consolidated/,Dhunseri Ventures Limited,DVL
1137,NACLIND,NACLIND,https://www.screener.in/company/NACLIND/consolidated/,NACL Industries Limited,NACLIND
1138,RML,RML,https://www.screener.in/company/RML/consolidated/,Rane (Madras) Limited,RML
1139,NELCAST,NELCAST,https://www.screener.in/company/NELCAST/consolidated/,Nelcast Limited,NELCAST
1140,KOKUYOCMLN,KOKUYOCMLN,https://www.screener.in/company/KOKUYOCMLN/,Kokuyo Camlin Limited,KOKUYOCMLN
1142,MACPOWER,MACPOWER,https://www.screener.in/company/MACPOWER/,Macpower CNC Machines Limited,MACPOWER
1143,INNOVANA,INNOVANA,https://www.screener.in/company/INNOVANA/consolidated/,Innovana Thinklabs Limited,INNOVANA
1144,ROTO,ROTO,https://www.screener.in/company/ROTO/consolidated/,Roto Pumps Limited,ROTO
1145,STERTOOLS,STERTOOLS,https://www.screener.in/company/STERTOOLS/consolidated/,Sterling Tools Limited,STERTOOLS
1146,MUKKA,MUKKA,https://www.screener.in/company/MUKKA/consolidated/,Mukka Proteins Limited,MUKKA
1147,TIL,TIL,https://www.screener.in/company/TIL/consolidated/,TIL Limited,TIL
1148,CSLFINANCE,CSLFINANCE,https://www.screener.in/company/CSLFINANCE/,CSL Finance Limited,CSLFINANCE
1149,GICHSGFIN,GICHSGFIN,https://www.screener.in/company/GICHSGFIN/,GIC Housing Finance Limited,GICHSGFIN
1150,SATIA,SATIA,https://www.screener.in/company/SATIA/,Satia Industries Limited,SATIA
1151,MUFTI,MUFTI,https://www.screener.in/company/MUFTI/,Credo Brands Marketing Limited,MUFTI
1152,CREST,CREST,https://www.screener.in/company/CREST/consolidated/,Crest Ventures Limited,CREST
1153,AVADHSUGAR,AVADHSUGAR,https://www.screener.in/company/AVADHSUGAR/,Avadh Sugar & Energy Limited,AVADHSUGAR
1154,WINDLAS,WINDLAS,https://www.screener.in/company/WINDLAS/consolidated/,Windlas Biotech Limited,WINDLAS
1155,KRYSTAL,KRYSTAL,https://www.screener.in/company/KRYSTAL/,Krystal Integrated Services Limited,KRYSTAL
1156,YUKEN,YUKEN,https://www.screener.in/company/YUKEN/consolidated/,Yuken India Limited,YUKEN
1157,ASIANENE,ASIANENE,https://www.screener.in/company/ASIANENE/consolidated/,Asian Energy Services Limited,ASIANENE
1158,SPORTKING,SPORTKING,https://www.screener.in/company/SPORTKING/,Sportking India Limited,SPORTKING
1159,KOTYARK,KOTYARK,https://www.screener.in/company/KOTYARK/,Kotyark Industries Limited,KOTYARK
1160,CLSEL,CLSEL,https://www.screener.in/company/CLSEL/,Chaman Lal Setia Exports Limited,CLSEL
1161,KAMOPAINTS,KAMOPAINTS,https://www.screener.in/company/KAMOPAINTS/consolidated/,Kamdhenu Ventures Limited,KAMOPAINTS
1162,HUBTOWN,HUBTOWN,https://www.screener.in/company/HUBTOWN/consolidated/,Hubtown Limited,HUBTOWN
1163,VALIANTORG,VALIANTORG,https://www.screener.in/company/VALIANTORG/consolidated/,Valiant Organics Limited,VALIANTORG
1164,INDOTECH,INDOTECH,https://www.screener.in/company/INDOTECH/,Indo Tech Transformers Limited,INDOTECH
1165,COFFEEDAY,COFFEEDAY,https://www.screener.in/company/COFFEEDAY/consolidated/,Coffee Day Enterprises Limited,COFFEEDAY
1166,SYNCOMF,SYNCOMF,https://www.screener.in/company/SYNCOMF/,Syncom Formulations (India) Limited,SYNCOMF
1167,NDRAUTO,NDRAUTO,https://www.screener.in/company/NDRAUTO/consolidated/,Ndr Auto Components Limited,NDRAUTO
1168,DHANBANK,DHANBANK,https://www.screener.in/company/DHANBANK/,Dhanlaxmi Bank Limited,DHANBANK
1169,ONEPOINT,ONEPOINT,https://www.screener.in/company/ONEPOINT/consolidated/,One Point One Solutions Limited,ONEPOINT
1170,HIRECT,HIRECT,https://www.screener.in/company/HIRECT/,Hind Rectifiers Limited,HIRECT
1171,KABRAEXTRU,KABRAEXTRU,https://www.screener.in/company/KABRAEXTRU/,Kabra Extrusion Technik Limited,KABRAEXTRU
1172,REMUS,REMUS,https://www.screener.in/company/REMUS/consolidated/,Remus Pharmaceuticals Limited,REMUS
1173,INDORAMA,INDORAMA,https://www.screener.in/company/INDORAMA/consolidated/,Indo Rama Synthetics (India) Limited,INDORAMA
1174,GULPOLY,GULPOLY,https://www.screener.in/company/GULPOLY/,Gulshan Polyols Limited,GULPOLY
1175,HEUBACHIND,HEUBACHIND,https://www.screener.in/company/HEUBACHIND/,Heubach Colorants India Limited,HEUBACHIND
1176,OAL,OAL,https://www.screener.in/company/OAL/,Oriental Aromatics Limited,OAL
1177,CREATIVE,CREATIVE,https://www.screener.in/company/CREATIVE/consolidated/,Creative Newtech Limited,CREATIVE
1178,ONWARDTEC,ONWARDTEC,https://www.screener.in/company/ONWARDTEC/consolidated/,Onward Technologies Limited,ONWARDTEC
1179,URJA,URJA,https://www.screener.in/company/URJA/consolidated/,Urja Global Limited,URJA
1180,PVP,PVP,https://www.screener.in/company/PVP/consolidated/,PVP Ventures Limited,PVP
1181,ROHLTD,ROHLTD,https://www.screener.in/company/ROHLTD/consolidated/,Royal Orchid Hotels Limited,ROHLTD
1182,BLAL,BLAL,https://www.screener.in/company/BLAL/,BEML Land Assets Limited,BLAL
1183,SATINDLTD,SATINDLTD,https://www.screener.in/company/SATINDLTD/consolidated/,Sat Industries Limited,SATINDLTD
1184,VIMTALABS,VIMTALABS,https://www.screener.in/company/VIMTALABS/,Vimta Labs Limited,VIMTALABS
1185,ZUARIIND,ZUARIIND,https://www.screener.in/company/ZUARIIND/consolidated/,ZUARI INDUSTRIES LIMITED,ZUARIIND
1186,GSLSU,GSLSU,https://www.screener.in/company/GSLSU/consolidated/,Global Surfaces Limited,GSLSU
1187,NAHARSPING,NAHARSPING,https://www.screener.in/company/NAHARSPING/,Nahar Spinning Mills Limited,NAHARSPING
1188,MANALIPETC,MANALIPETC,https://www.screener.in/company/MANALIPETC/consolidated/,Manali Petrochemicals Limited,MANALIPETC
1189,SASTASUNDR,SASTASUNDR,https://www.screener.in/company/SASTASUNDR/consolidated/,Sastasundar Ventures Limited,SASTASUNDR
1190,DLINKINDIA,DLINKINDIA,https://www.screener.in/company/DLINKINDIA/,D-Link (India) Limited,DLINKINDIA
1191,RGL,RGL,https://www.screener.in/company/RGL/consolidated/,Renaissance Global Limited,RGL
1192,FOCUS,FOCUS,https://www.screener.in/company/FOCUS/consolidated/,Focus Lighting and Fixtures Limited,FOCUS
1193,GANDHITUBE,GANDHITUBE,https://www.screener.in/company/GANDHITUBE/,Gandhi Special Tubes Limited,GANDHITUBE
1194,KELLTONTEC,KELLTONTEC,https://www.screener.in/company/KELLTONTEC/consolidated/,Kellton Tech Solutions Limited,KELLTONTEC
1195,PLATIND,PLATIND,https://www.screener.in/company/PLATIND/consolidated/,Platinum Industries Limited,PLATIND
1196,KERNEX,KERNEX,https://www.screener.in/company/KERNEX/consolidated/,Kernex Microsystems (India) Limited,KERNEX
1197,RAMCOSYS,RAMCOSYS,https://www.screener.in/company/RAMCOSYS/consolidated/,Ramco Systems Limited,RAMCOSYS
1198,WALCHANNAG,WALCHANNAG,https://www.screener.in/company/WALCHANNAG/,Walchandnagar Industries Limited,WALCHANNAG
1199,CHEMFAB,CHEMFAB,https://www.screener.in/company/CHEMFAB/consolidated/,Chemfab Alkalis Limited,CHEMFAB
1200,UNIENTER,UNIENTER,https://www.screener.in/company/UNIENTER/,Uniphos Enterprises Limited,UNIENTER
1201,SARVESHWAR,SARVESHWAR,https://www.screener.in/company/SARVESHWAR/consolidated/,Sarveshwar Foods Limited,SARVESHWAR
1202,BODALCHEM,BODALCHEM,https://www.screener.in/company/BODALCHEM/consolidated/,Bodal Chemicals Limited,BODALCHEM
1203,SEMAC,SEMAC,https://www.screener.in/company/SEMAC/consolidated/,SEMAC CONSULTANTS LIMITED,SEMAC
1204,VISAKAIND,VISAKAIND,https://www.screener.in/company/VISAKAIND/,Visaka Industries Limited,VISAKAIND
1205,LIKHITHA,LIKHITHA,https://www.screener.in/company/LIKHITHA/,Likhitha Infrastructure Limited,LIKHITHA
1206,WEL,WEL,https://www.screener.in/company/WEL/,Wonder Electricals Limited,WEL
1207,ASAL,ASAL,https://www.screener.in/company/ASAL/,Automotive Stampings and Assemblies Limited,ASAL
1208,AMNPLST,AMNPLST,https://www.screener.in/company/AMNPLST/consolidated/,Amines & Plasticizers Limited,AMNPLST
1209,GPTINFRA,GPTINFRA,https://www.screener.in/company/GPTINFRA/consolidated/,GPT Infraprojects Limited,GPTINFRA
1210,NINSYS,NINSYS,https://www.screener.in/company/NINSYS/,NINtec Systems Limited,NINSYS
1211,SHIVALIK,SHIVALIK,https://www.screener.in/company/SHIVALIK/consolidated/,Shivalik Rasayan Limited,SHIVALIK
1212,VHL,VHL,https://www.screener.in/company/VHL/consolidated/,Vardhman Holdings Limited,VHL
1213,OWAIS,OWAIS,https://www.screener.in/company/OWAIS/,Owais Metal And Mineral Processing Limited,OWAIS
1214,TRACXN,TRACXN,https://www.screener.in/company/TRACXN/,Tracxn Technologies Limited,TRACXN
1215,EXCELINDUS,EXCELINDUS,https://www.screener.in/company/EXCELINDUS/consolidated/,Excel Industries Limited,EXCELINDUS
1216,INFOBEAN,INFOBEAN,https://www.screener.in/company/INFOBEAN/consolidated/,InfoBeans Technologies Limited,INFOBEAN
1217,SANDESH,SANDESH,https://www.screener.in/company/SANDESH/,The Sandesh Limited,SANDESH
1218,EIMCOELECO,EIMCOELECO,https://www.screener.in/company/EIMCOELECO/,Eimco Elecon (India) Limited,EIMCOELECO
1219,CENTENKA,CENTENKA,https://www.screener.in/company/CENTENKA/,Century Enka Limited,CENTENKA
1220,HPAL,HPAL,https://www.screener.in/company/HPAL/,HP Adhesives Limited,HPAL
1221,MICEL,MICEL,https://www.screener.in/company/MICEL/,MIC Electronics Limited,MICEL
1222,FAZE3Q,FAZE3Q,https://www.screener.in/company/FAZE3Q/,Faze Three Limited,FAZE3Q
1223,ORIENTPPR,ORIENTPPR,https://www.screener.in/company/ORIENTPPR/,Orient Paper & Industries Limited,ORIENTPPR
1224,MAXIND,MAXIND,https://www.screener.in/company/MAXIND/consolidated/,Max India Limited,MAXIND
1225,GRPLTD,GRPLTD,https://www.screener.in/company/GRPLTD/consolidated/,GRP Limited,GRPLTD
1226,DENORA,DENORA,https://www.screener.in/company/DENORA/,De Nora India Limited,DENORA
1227,ASALCBR,ASALCBR,https://www.screener.in/company/ASALCBR/,Associated Alcohols & Breweries Ltd.,ASALCBR
1228,GKWLIMITED,GKWLIMITED,https://www.screener.in/company/GKWLIMITED/,GKW Limited,GKWLIMITED
1229,VLSFINANCE,VLSFINANCE,https://www.screener.in/company/VLSFINANCE/consolidated/,VLS Finance Limited,VLSFINANCE
1230,SPECIALITY,SPECIALITY,https://www.screener.in/company/SPECIALITY/,Speciality Restaurants Limited,SPECIALITY
1231,CHEMCON,CHEMCON,https://www.screener.in/company/CHEMCON/,Chemcon Speciality Chemicals Limited,CHEMCON
1232,SRHHYPOLTD,SRHHYPOLTD,https://www.screener.in/company/SRHHYPOLTD/,Sree Rayalaseema Hi-Strength Hypo Limited,SRHHYPOLTD
1233,PPL,PPL,https://www.screener.in/company/PPL/,Prakash Pipes Limited,PPL
1234,NCLIND,NCLIND,https://www.screener.in/company/NCLIND/,NCL Industries Limited,NCLIND
1235,HEXATRADEX,HEXATRADEX,https://www.screener.in/company/HEXATRADEX/consolidated/,Hexa Tradex Limited,HEXATRADEX
1236,DECCANCE,DECCANCE,https://www.screener.in/company/DECCANCE/,Deccan Cements Limited,DECCANCE
1237,SUTLEJTEX,SUTLEJTEX,https://www.screener.in/company/SUTLEJTEX/,Sutlej Textiles and Industries Limited,SUTLEJTEX
1238,SPENCERS,SPENCERS,https://www.screener.in/company/SPENCERS/consolidated/,Spencer's Retail Limited,SPENCERS
1239,BASILIC,BASILIC,https://www.screener.in/company/BASILIC/,Basilic Fly Studio Limited,BASILIC
1240,SILVERTUC,SILVERTUC,https://www.screener.in/company/SILVERTUC/consolidated/,Silver Touch Technologies Limited,SILVERTUC
1241,SCHAND,SCHAND,https://www.screener.in/company/SCHAND/consolidated/,S Chand And Company Limited,SCHAND
1242,AGSTRA,AGSTRA,https://www.screener.in/company/AGSTRA/consolidated/,AGS Transact Technologies Limited,AGSTRA
1243,DYCL,DYCL,https://www.screener.in/company/DYCL/,Dynamic Cables Limited,DYCL
1244,ALPEXSOLAR,ALPEXSOLAR,https://www.screener.in/company/ALPEXSOLAR/consolidated/,Alpex Solar Limited,ALPEXSOLAR
1245,RADIANTCMS,RADIANTCMS,https://www.screener.in/company/RADIANTCMS/,Radiant Cash Management Services Limited,RADIANTCMS
1246,AMBIKCO,AMBIKCO,https://www.screener.in/company/AMBIKCO/,Ambika Cotton Mills Limited,AMBIKCO
1247,BAJAJHCARE,BAJAJHCARE,https://www.screener.in/company/BAJAJHCARE/,Bajaj Healthcare Limited,BAJAJHCARE
1248,RSWM,RSWM,https://www.screener.in/company/RSWM/consolidated/,RSWM Limited,RSWM
1249,SAKAR,SAKAR,https://www.screener.in/company/SAKAR/,Sakar Healthcare Limited,SAKAR
1250,MUNJALAU,MUNJALAU,https://www.screener.in/company/MUNJALAU/consolidated/,Munjal Auto Industries Limited,MUNJALAU
1251,HMVL,HMVL,https://www.screener.in/company/HMVL/,Hindustan Media Ventures Limited,HMVL
1252,ELDEHSG,ELDEHSG,https://www.screener.in/company/ELDEHSG/consolidated/,Eldeco Housing And Industries Limited,ELDEHSG
1253,INDOAMIN,INDOAMIN,https://www.screener.in/company/INDOAMIN/consolidated/,Indo Amines Limited,INDOAMIN
1254,DENTALKART,DENTALKART,https://www.screener.in/company/DENTALKART/,Vasa Denticity Limited,DENTALKART
1255,VIKASLIFE,VIKASLIFE,https://www.screener.in/company/VIKASLIFE/consolidated/,Vikas Lifecare Limited,VIKASLIFE
1256,RUSHIL,RUSHIL,https://www.screener.in/company/RUSHIL/,Rushil Decor Limited,RUSHIL
1257,ADSL,ADSL,https://www.screener.in/company/ADSL/consolidated/,Allied Digital Services Limited,ADSL
1258,BCONCEPTS,BCONCEPTS,https://www.screener.in/company/BCONCEPTS/,Brand Concepts Limited,BCONCEPTS
1259,DBOL,DBOL,https://www.screener.in/company/DBOL/consolidated/,Dhampur Bio Organics Limited,DBOL
1260,LINC,LINC,https://www.screener.in/company/LINC/,Linc Limited,LINC
1261,RADHIKAJWE,RADHIKAJWE,https://www.screener.in/company/RADHIKAJWE/,Radhika Jeweltech Limited,RADHIKAJWE
1262,DHARMAJ,DHARMAJ,https://www.screener.in/company/DHARMAJ/,Dharmaj Crop Guard Limited,DHARMAJ
1263,MAGADSUGAR,MAGADSUGAR,https://www.screener.in/company/MAGADSUGAR/,Magadh Sugar & Energy Limited,MAGADSUGAR
1264,CHEVIOT,CHEVIOT,https://www.screener.in/company/CHEVIOT/,Cheviot Company Limited,CHEVIOT
1265,VINYAS,VINYAS,https://www.screener.in/company/VINYAS/,Vinyas Innovative Technologies Limited,VINYAS
1266,BALAJITELE,BALAJITELE,https://www.screener.in/company/BALAJITELE/consolidated/,Balaji Telefilms Limited,BALAJITELE
1267,OSWALGREEN,OSWALGREEN,https://www.screener.in/company/OSWALGREEN/,Oswal Greentech Limited,OSWALGREEN
1268,ICEMAKE,ICEMAKE,https://www.screener.in/company/ICEMAKE/consolidated/,Ice Make Refrigeration Limited,ICEMAKE
1269,GFLLIMITED,GFLLIMITED,https://www.screener.in/company/GFLLIMITED/consolidated/,GFL Limited,GFLLIMITED
1270,PANACEABIO,PANACEABIO,https://www.screener.in/company/PANACEABIO/consolidated/,Panacea Biotec Limited,PANACEABIO
1271,STCINDIA,STCINDIA,https://www.screener.in/company/STCINDIA/consolidated/,The State Trading Corporation of India Limited,STCINDIA
1272,TRU,TRU,https://www.screener.in/company/TRU/,TruCap Finance Limited,TRU
1273,UGARSUGAR,UGARSUGAR,https://www.screener.in/company/UGARSUGAR/,The Ugar Sugar Works Limited,UGARSUGAR
1274,MAANALU,MAANALU,https://www.screener.in/company/MAANALU/,Maan Aluminium Limited,MAANALU
1275,NRAIL,NRAIL,https://www.screener.in/company/NRAIL/,N R Agarwal Industries Limited,NRAIL
1276,JAGSNPHARM,JAGSNPHARM,https://www.screener.in/company/JAGSNPHARM/,Jagsonpal Pharmaceuticals Limited,JAGSNPHARM
1277,GHCLTEXTIL,GHCLTEXTIL,https://www.screener.in/company/GHCLTEXTIL/,GHCL Textiles Limited,GHCLTEXTIL
1278,ASIANTILES,ASIANTILES,https://www.screener.in/company/ASIANTILES/consolidated/,Asian Granito India Limited,ASIANTILES
1279,DAVANGERE,DAVANGERE,https://www.screener.in/company/DAVANGERE/,Davangere Sugar Company Limited,DAVANGERE
1280,POCL,POCL,https://www.screener.in/company/POCL/,Pondy Oxides & Chemicals Limited,POCL
1281,KOTHARIPET,KOTHARIPET,https://www.screener.in/company/KOTHARIPET/,Kothari Petrochemicals Limited,KOTHARIPET
1282,CONSOFINVT,CONSOFINVT,https://www.screener.in/company/CONSOFINVT/,Consolidated Finvest & Holdings Limited,CONSOFINVT
1283,ACL,ACL,https://www.screener.in/company/ACL/,Andhra Cements Limited,ACL
1284,ZUARI,ZUARI,https://www.screener.in/company/ZUARI/consolidated/,Zuari Agro Chemicals Limited,ZUARI
1285,GRMOVER,GRMOVER,https://www.screener.in/company/GRMOVER/,GRM Overseas Limited,GRMOVER
1286,BEDMUTHA,BEDMUTHA,https://www.screener.in/company/BEDMUTHA/consolidated/,Bedmutha Industries Limited,BEDMUTHA
1287,SUKHJITS,SUKHJITS,https://www.screener.in/company/SUKHJITS/consolidated/,Sukhjit Starch & Chemicals Limited,SUKHJITS
1288,ESTER,ESTER,https://www.screener.in/company/ESTER/consolidated/,Ester Industries Limited,ESTER
1289,WSI,WSI,https://www.screener.in/company/WSI/consolidated/,W S Industries (I) Limited,WSI
1290,TNPETRO,TNPETRO,https://www.screener.in/company/TNPETRO/consolidated/,Tamilnadu PetroProducts Limited,TNPETRO
1291,FOODSIN,FOODSIN,https://www.screener.in/company/FOODSIN/consolidated/,Foods & Inns Limited,FOODSIN
1292,THEINVEST,THEINVEST,https://www.screener.in/company/THEINVEST/consolidated/,The Investment Trust Of India Limited,THEINVEST
1293,DHUNINV,DHUNINV,https://www.screener.in/company/DHUNINV/consolidated/,Dhunseri Investments Limited,DHUNINV
1294,TBZ,TBZ,https://www.screener.in/company/TBZ/consolidated/,Tribhovandas Bhimji Zaveri Limited,TBZ
1295,EMKAYTOOLS,EMKAYTOOLS,https://www.screener.in/company/EMKAYTOOLS/,Emkay Taps and Cutting Tools Limited,EMKAYTOOLS
1296,KECL,KECL,https://www.screener.in/company/KECL/consolidated/,Kirloskar Electric Company Limited,KECL
1297,EMAMIPAP,EMAMIPAP,https://www.screener.in/company/EMAMIPAP/,Emami Paper Mills Limited,EMAMIPAP
1298,ELECTHERM,ELECTHERM,https://www.screener.in/company/ELECTHERM/consolidated/,Electrotherm (India) Limited,ELECTHERM
1299,LOKESHMACH,LOKESHMACH,https://www.screener.in/company/LOKESHMACH/,Lokesh Machines Limited,LOKESHMACH
1300,SELAN,SELAN,https://www.screener.in/company/SELAN/,Selan Exploration Technology Limited,SELAN
1301,AVG,AVG,https://www.screener.in/company/AVG/,AVG Logistics Limited,AVG
1302,SAHANA,SAHANA,https://www.screener.in/company/SAHANA/consolidated/,Sahana System Limited,SAHANA
1303,DMCC,DMCC,https://www.screener.in/company/DMCC/,DMCC SPECIALITY CHEMICALS LIMITED,DMCC
1304,NECLIFE,NECLIFE,https://www.screener.in/company/NECLIFE/consolidated/,Nectar Lifesciences Limited,NECLIFE
1305,BIRLACABLE,BIRLACABLE,https://www.screener.in/company/BIRLACABLE/,Birla Cable Limited,BIRLACABLE
1306,GOACARBON,GOACARBON,https://www.screener.in/company/GOACARBON/,Goa Carbon Limited,GOACARBON
1307,JGCHEM,JGCHEM,https://www.screener.in/company/JGCHEM/consolidated/,J.G.Chemicals Limited,JGCHEM
1308,ANNAPURNA,ANNAPURNA,https://www.screener.in/company/ANNAPURNA/,Annapurna Swadisht Limited,ANNAPURNA
1309,3IINFOLTD,3IINFOLTD,https://www.screener.in/company/3IINFOLTD/consolidated/,3i Infotech Limited,3IINFOLTD
1310,WEALTH,WEALTH,https://www.screener.in/company/WEALTH/,Wealth First Portfolio Managers Limited,WEALTH
1311,PARSVNATH,PARSVNATH,https://www.screener.in/company/PARSVNATH/consolidated/,Parsvnath Developers Limited,PARSVNATH
1312,ADVANIHOTR,ADVANIHOTR,https://www.screener.in/company/ADVANIHOTR/,Advani Hotels & Resorts (India) Limited,ADVANIHOTR
1313,KRITI,KRITI,https://www.screener.in/company/KRITI/consolidated/,Kriti Industries (India) Limited,KRITI
1314,ELIN,ELIN,https://www.screener.in/company/ELIN/consolidated/,Elin Electronics Limited,ELIN
1315,DPWIRES,DPWIRES,https://www.screener.in/company/DPWIRES/,D P Wires Limited,DPWIRES
1316,MEGASOFT,MEGASOFT,https://www.screener.in/company/MEGASOFT/consolidated/,Megasoft Limited,MEGASOFT
1317,OCCL,OCCL,https://www.screener.in/company/OCCL/consolidated/,Oriental Carbon & Chemicals Limited,OCCL
1318,MUNJALSHOW,MUNJALSHOW,https://www.screener.in/company/MUNJALSHOW/,Munjal Showa Limited,MUNJALSHOW
1319,ZEEMEDIA,ZEEMEDIA,https://www.screener.in/company/ZEEMEDIA/consolidated/,Zee Media Corporation Limited,ZEEMEDIA
1320,SOLEX,SOLEX,https://www.screener.in/company/SOLEX/,Solex Energy Limited,SOLEX
1321,MMP,MMP,https://www.screener.in/company/MMP/consolidated/,MMP Industries Limited,MMP
1322,CHEMBOND,CHEMBOND,https://www.screener.in/company/CHEMBOND/consolidated/,Chembond Chemicals Ltd,CHEMBOND
1323,JAYAGROGN,JAYAGROGN,https://www.screener.in/company/JAYAGROGN/consolidated/,Jayant Agro Organics Limited,JAYAGROGN
1324,JPOLYINVST,JPOLYINVST,https://www.screener.in/company/JPOLYINVST/consolidated/,Jindal Poly Investment and Finance Company Limited,JPOLYINVST
1325,MANAKSIA,MANAKSIA,https://www.screener.in/company/MANAKSIA/consolidated/,Manaksia Limited,MANAKSIA
1326,SREEL,SREEL,https://www.screener.in/company/SREEL/,Sreeleathers Limited,SREEL
1327,ONMOBILE,ONMOBILE,https://www.screener.in/company/ONMOBILE/consolidated/,OnMobile Global Limited,ONMOBILE
1328,SBC,SBC,https://www.screener.in/company/SBC/,SBC Exports Limited,SBC
1329,SPMLINFRA,SPMLINFRA,https://www.screener.in/company/SPMLINFRA/consolidated/,SPML Infra Limited,SPMLINFRA
1330,BHAGERIA,BHAGERIA,https://www.screener.in/company/BHAGERIA/,Bhageria Industries Limited,BHAGERIA
1331,VALIANTLAB,VALIANTLAB,https://www.screener.in/company/VALIANTLAB/consolidated/,Valiant Laboratories Limited,VALIANTLAB
1332,MENONBE,MENONBE,https://www.screener.in/company/MENONBE/,Menon Bearings Limited,MENONBE
1333,KILITCH,KILITCH,https://www.screener.in/company/KILITCH/consolidated/,Kilitch Drugs (India) Limited,KILITCH
1334,PAVNAIND,PAVNAIND,https://www.screener.in/company/PAVNAIND/,Pavna Industries Limited,PAVNAIND
1335,KHAICHEM,KHAICHEM,https://www.screener.in/company/KHAICHEM/,Khaitan Chemicals & Fertilizers Limited,KHAICHEM
1336,FCSSOFT,FCSSOFT,https://www.screener.in/company/FCSSOFT/consolidated/,FCS Software Solutions Limited,FCSSOFT
1337,MALLCOM,MALLCOM,https://www.screener.in/company/MALLCOM/consolidated/,Mallcom (India) Limited,MALLCOM
1338,NRL,NRL,https://www.screener.in/company/NRL/consolidated/,Nupur Recyclers Limited,NRL
1339,PHANTOMFX,PHANTOMFX,https://www.screener.in/company/PHANTOMFX/,Phantom Digital Effects Limited,PHANTOMFX
1340,APEX,APEX,https://www.screener.in/company/APEX/,Apex Frozen Foods Limited,APEX
1341,KAMATHOTEL,KAMATHOTEL,https://www.screener.in/company/KAMATHOTEL/consolidated/,Kamat Hotels (I) Limited,KAMATHOTEL
1342,HTMEDIA,HTMEDIA,https://www.screener.in/company/HTMEDIA/consolidated/,HT Media Limited,HTMEDIA
1343,RUBYMILLS,RUBYMILLS,https://www.screener.in/company/RUBYMILLS/,The Ruby Mills Limited,RUBYMILLS
1344,ALBERTDAVD,ALBERTDAVD,https://www.screener.in/company/ALBERTDAVD/,Albert David Limited,ALBERTDAVD
1345,KODYTECH,KODYTECH,https://www.screener.in/company/KODYTECH/,Kody Technolab Limited,KODYTECH
1346,LGHL,LGHL,https://www.screener.in/company/LGHL/,Laxmi Goldorna House Limited,LGHL
1347,PRIMESECU,PRIMESECU,https://www.screener.in/company/PRIMESECU/consolidated/,Prime Securities Limited,PRIMESECU
1348,RBZJEWEL,RBZJEWEL,https://www.screener.in/company/RBZJEWEL/,RBZ Jewellers Limited,RBZJEWEL
1349,PLASTIBLEN,PLASTIBLEN,https://www.screener.in/company/PLASTIBLEN/,Plastiblends India Limited,PLASTIBLEN
1350,IRISDOREME,IRISDOREME,https://www.screener.in/company/IRISDOREME/,Iris Clothings Limited,IRISDOREME
1351,PDMJEPAPER,PDMJEPAPER,https://www.screener.in/company/PDMJEPAPER/,Pudumjee Paper Products Limited,PDMJEPAPER
1352,INDSWFTLAB,INDSWFTLAB,https://www.screener.in/company/INDSWFTLAB/consolidated/,Ind-Swift Laboratories Limited,INDSWFTLAB
1353,MIRZAINT,MIRZAINT,https://www.screener.in/company/MIRZAINT/consolidated/,Mirza International Limited,MIRZAINT
1354,STEL,STEL,https://www.screener.in/company/STEL/consolidated/,Stel Holdings Limited,STEL
1355,SAKUMA,SAKUMA,https://www.screener.in/company/SAKUMA/consolidated/,Sakuma Exports Limited,SAKUMA
1356,SIMPLEXINF,SIMPLEXINF,https://www.screener.in/company/SIMPLEXINF/consolidated/,Simplex Infrastructures Limited,SIMPLEXINF
1357,ARROWGREEN,ARROWGREEN,https://www.screener.in/company/ARROWGREEN/consolidated/,Arrow Greentech Limited,ARROWGREEN
1358,VINYLINDIA,VINYLINDIA,https://www.screener.in/company/VINYLINDIA/,Vinyl Chemicals (India) Limited,VINYLINDIA
1359,OSWALAGRO,OSWALAGRO,https://www.screener.in/company/OSWALAGRO/consolidated/,Oswal Agro Mills Limited,OSWALAGRO
1360,HINDCOMPOS,HINDCOMPOS,https://www.screener.in/company/HINDCOMPOS/,Hindustan Composites Limited,HINDCOMPOS
1361,ARIHANTCAP,ARIHANTCAP,https://www.screener.in/company/ARIHANTCAP/consolidated/,Arihant Capital Markets Limited,ARIHANTCAP
1362,MBLINFRA,MBLINFRA,https://www.screener.in/company/MBLINFRA/consolidated/,MBL Infrastructure Limited,MBLINFRA
1364,ORICONENT,ORICONENT,https://www.screener.in/company/ORICONENT/consolidated/,Oricon Enterprises Limited,ORICONENT
1366,SKMEGGPROD,SKMEGGPROD,https://www.screener.in/company/SKMEGGPROD/consolidated/,SKM Egg Products Export (India) Limited,SKMEGGPROD
1367,ORIENTCER,ORIENTCER,https://www.screener.in/company/ORIENTCER/,ORIENT CERATECH LIMITED,ORIENTCER
1368,DIGISPICE,DIGISPICE,https://www.screener.in/company/DIGISPICE/consolidated/,DiGiSPICE Technologies Limited,DIGISPICE
1369,ZODIAC,ZODIAC,https://www.screener.in/company/ZODIAC/,Zodiac Energy Limited,ZODIAC
1370,KRISHIVAL,KRISHIVAL,https://www.screener.in/company/KRISHIVAL/consolidated/,Krishival Foods Limited,KRISHIVAL
1372,RATNAVEER,RATNAVEER,https://www.screener.in/company/RATNAVEER/,Ratnaveer Precision Engineering Limited,RATNAVEER
1373,JINDALPHOT,JINDALPHOT,https://www.screener.in/company/JINDALPHOT/consolidated/,Jindal Photo Limited,JINDALPHOT
1374,RADIOCITY,RADIOCITY,https://www.screener.in/company/RADIOCITY/,Music Broadcast Limited,RADIOCITY
1375,HCL-INSYS,HCL-INSYS,https://www.screener.in/company/HCL-INSYS/consolidated/,HCL Infosystems Limited,HCL-INSYS
1376,RBL,RBL,https://www.screener.in/company/RBL/,Rane Brake Lining Limited,RBL
1377,KHADIM,KHADIM,https://www.screener.in/company/KHADIM/consolidated/,Khadim India Limited,KHADIM
1378,AXITA,AXITA,https://www.screener.in/company/AXITA/,Axita Cotton Limited,AXITA
1379,ASMS,ASMS,https://www.screener.in/company/ASMS/,Bartronics India Limited,ASMS
1380,BIRLAMONEY,BIRLAMONEY,https://www.screener.in/company/BIRLAMONEY/,Aditya Birla Money Limited,BIRLAMONEY
1381,VISHNUINFR,VISHNUINFR,https://www.screener.in/company/VISHNUINFR/,Vishnusurya Projects and Infra Limited,VISHNUINFR
1382,VLEGOV,VLEGOV,https://www.screener.in/company/VLEGOV/,VL E-Governance & IT Solutions Limited,VLEGOV
1383,BBTCL,BBTCL,https://www.screener.in/company/BBTCL/consolidated/,B&B Triplewall Containers Limited,BBTCL
1384,NAGAFERT,NAGAFERT,https://www.screener.in/company/NAGAFERT/consolidated/,Nagarjuna Fertilizers and Chemicals Limited,NAGAFERT
1385,GEECEE,GEECEE,https://www.screener.in/company/GEECEE/consolidated/,GeeCee Ventures Limited,GEECEE
1386,RACE,RACE,https://www.screener.in/company/RACE/,Race Eco Chain Limited,RACE
1387,RITCO,RITCO,https://www.screener.in/company/RITCO/,Ritco Logistics Limited,RITCO
1388,TCLCONS,TCLCONS,https://www.screener.in/company/TCLCONS/consolidated/,Tantia Constructions Limited,TCLCONS
1389,BALAXI,BALAXI,https://www.screener.in/company/BALAXI/consolidated/,BALAXI PHARMACEUTICALS LIMITED,BALAXI
1390,PYRAMID,PYRAMID,https://www.screener.in/company/PYRAMID/,Pyramid Technoplast Limited,PYRAMID
1391,REMSONSIND,REMSONSIND,https://www.screener.in/company/REMSONSIND/,Remsons Industries Limited,REMSONSIND
1392,UFO,UFO,https://www.screener.in/company/UFO/consolidated/,UFO Moviez India Limited,UFO
1393,ACCENTMIC,ACCENTMIC,https://www.screener.in/company/ACCENTMIC/,Accent Microcell Limited,ACCENTMIC
1394,PTL,PTL,https://www.screener.in/company/PTL/,PTL Enterprises Limited,PTL
1395,INDOBORAX,INDOBORAX,https://www.screener.in/company/INDOBORAX/consolidated/,Indo Borax & Chemicals Limited,INDOBORAX
1396,MOLDTECH,MOLDTECH,https://www.screener.in/company/MOLDTECH/consolidated/,Mold-Tek Technologies Limited,MOLDTECH
1397,MAZDA,MAZDA,https://www.screener.in/company/MAZDA/,Mazda Limited,MAZDA
1398,MINDTECK,MINDTECK,https://www.screener.in/company/MINDTECK/consolidated/,Mindteck (India) Limited,MINDTECK
1399,COOLCAPS,COOLCAPS,https://www.screener.in/company/COOLCAPS/consolidated/,Cool Caps Industries Limited,COOLCAPS
1400,ALLETEC,ALLETEC,https://www.screener.in/company/ALLETEC/consolidated/,All E Technologies Limited,ALLETEC
1401,20MICRONS,20MICRONS,https://www.screener.in/company/20MICRONS/consolidated/,20 Microns Limited,20MICRONS
1402,VIKASECO,VIKASECO,https://www.screener.in/company/VIKASECO/,Vikas EcoTech Limited,VIKASECO
1403,ORIENTBELL,ORIENTBELL,https://www.screener.in/company/ORIENTBELL/consolidated/,Orient Bell Limited,ORIENTBELL
1404,DONEAR,DONEAR,https://www.screener.in/company/DONEAR/,Donear Industries Limited,DONEAR
1405,CAREERP,CAREERP,https://www.screener.in/company/CAREERP/consolidated/,Career Point Limited,CAREERP
1406,INTLCONV,INTLCONV,https://www.screener.in/company/INTLCONV/consolidated/,International Conveyors Limited,INTLCONV
1407,SHREEPUSHK,SHREEPUSHK,https://www.screener.in/company/SHREEPUSHK/consolidated/,Shree Pushkar Chemicals & Fertilisers Limited,SHREEPUSHK
1408,PRITIKAUTO,PRITIKAUTO,https://www.screener.in/company/PRITIKAUTO/consolidated/,Pritika Auto Industries Limited,PRITIKAUTO
1409,DIAMINESQ,DIAMINESQ,https://www.screener.in/company/DIAMINESQ/consolidated/,Diamines & Chemicals Limited,DIAMINESQ
1410,SILINV,SILINV,https://www.screener.in/company/SILINV/consolidated/,SIL Investments Limited,SILINV
1411,BANSWRAS,BANSWRAS,https://www.screener.in/company/BANSWRAS/consolidated/,Banswara Syntex Limited,BANSWRAS
1412,SADBHAV,SADBHAV,https://www.screener.in/company/SADBHAV/consolidated/,Sadbhav Engineering Limited,SADBHAV
1413,APCL,APCL,https://www.screener.in/company/APCL/consolidated/,Anjani Portland Cement Limited,APCL
1414,NAHARINDUS,NAHARINDUS,https://www.screener.in/company/NAHARINDUS/,Nahar Industrial Enterprises Limited,NAHARINDUS
1415,DUGLOBAL,DUGLOBAL,https://www.screener.in/company/DUGLOBAL/consolidated/,DUDIGITAL GLOBAL LIMITED,DUGLOBAL
1416,GEEKAYWIRE,GEEKAYWIRE,https://www.screener.in/company/GEEKAYWIRE/,Geekay Wires Limited,GEEKAYWIRE
1417,SGIL,SGIL,https://www.screener.in/company/SGIL/,Synergy Green Industries Limited,SGIL
1418,TIRUPATI,TIRUPATI,https://www.screener.in/company/TIRUPATI/,Shree Tirupati Balajee FIBC Limited,TIRUPATI
1419,MEDICAMEQ,MEDICAMEQ,https://www.screener.in/company/MEDICAMEQ/consolidated/,Medicamen Biotech Limited,MEDICAMEQ
1420,MEGATHERM,MEGATHERM,https://www.screener.in/company/MEGATHERM/,Megatherm Induction Limited,MEGATHERM
1421,TPLPLASTEH,TPLPLASTEH,https://www.screener.in/company/TPLPLASTEH/,TPL Plastech Limited,TPLPLASTEH
1422,RSSOFTWARE,RSSOFTWARE,https://www.screener.in/company/RSSOFTWARE/consolidated/,R. S. Software (India) Limited,RSSOFTWARE
1423,RBMINFRA,RBMINFRA,https://www.screener.in/company/RBMINFRA/,Rbm Infracon Limited,RBMINFRA
1424,WANBURY,WANBURY,https://www.screener.in/company/WANBURY/consolidated/,Wanbury Limited,WANBURY
1425,GENUSPAPER,GENUSPAPER,https://www.screener.in/company/GENUSPAPER/consolidated/,Genus Paper & Boards Limited,GENUSPAPER
1426,KANORICHEM,KANORICHEM,https://www.screener.in/company/KANORICHEM/consolidated/,Kanoria Chemicals & Industries Limited,KANORICHEM
1427,VSTL,VSTL,https://www.screener.in/company/VSTL/,Vibhor Steel Tubes Limited,VSTL
1428,LIBERTSHOE,LIBERTSHOE,https://www.screener.in/company/LIBERTSHOE/,Liberty Shoes Limited,LIBERTSHOE
1429,GLOBAL,GLOBAL,https://www.screener.in/company/GLOBAL/,Global Education Limited,GLOBAL
1430,BRNL,BRNL,https://www.screener.in/company/BRNL/consolidated/,Bharat Road Network Limited,BRNL
1431,NOVAAGRI,NOVAAGRI,https://www.screener.in/company/NOVAAGRI/consolidated/,Nova Agritech Limited,NOVAAGRI
1432,TVSELECT,TVSELECT,https://www.screener.in/company/TVSELECT/,TVS Electronics Limited,TVSELECT
1433,VINSYS,VINSYS,https://www.screener.in/company/VINSYS/consolidated/,Vinsys IT Services India Limited,VINSYS
1434,NDL,NDL,https://www.screener.in/company/NDL/,Nandan Denim Limited,NDL
1435,KRITINUT,KRITINUT,https://www.screener.in/company/KRITINUT/,Kriti Nutrients Limited,KRITINUT
1436,NAHARCAP,NAHARCAP,https://www.screener.in/company/NAHARCAP/,Nahar Capital and Financial Services Limited,NAHARCAP
1437,CLEDUCATE,CLEDUCATE,https://www.screener.in/company/CLEDUCATE/consolidated/,CL Educate Limited,CLEDUCATE
1438,ZIMLAB,ZIMLAB,https://www.screener.in/company/ZIMLAB/consolidated/,Zim Laboratories Limited,ZIMLAB
1439,SHIVAMAUTO,SHIVAMAUTO,https://www.screener.in/company/SHIVAMAUTO/,Shivam Autotech Limited,SHIVAMAUTO
1440,SYSTANGO,SYSTANGO,https://www.screener.in/company/SYSTANGO/consolidated/,Systango Technologies Limited,SYSTANGO
1441,UNIDT,UNIDT,https://www.screener.in/company/UNIDT/,United Drilling Tools Limited,UNIDT
1442,SARLAPOLY,SARLAPOLY,https://www.screener.in/company/SARLAPOLY/consolidated/,Sarla Performance Fibers Limited,SARLAPOLY
1443,WTICAB,WTICAB,https://www.screener.in/company/WTICAB/consolidated/,Wise Travel India Limited,WTICAB
1444,KRITIKA,KRITIKA,https://www.screener.in/company/KRITIKA/,Kritika Wires Limited,KRITIKA
1445,TRF,TRF,https://www.screener.in/company/TRF/consolidated/,TRF Limited,TRF
1446,AUTOIND,AUTOIND,https://www.screener.in/company/AUTOIND/consolidated/,Autoline Industries Limited,AUTOIND
1447,MUTHOOTCAP,MUTHOOTCAP,https://www.screener.in/company/MUTHOOTCAP/,Muthoot Capital Services Limited,MUTHOOTCAP
1448,PURVFLEXI,PURVFLEXI,https://www.screener.in/company/PURVFLEXI/consolidated/,Purv Flexipack Limited,PURVFLEXI
1449,NBIFIN,NBIFIN,https://www.screener.in/company/NBIFIN/,N. B. I. Industrial Finance Company Limited,NBIFIN
1450,AYMSYNTEX,AYMSYNTEX,https://www.screener.in/company/AYMSYNTEX/,AYM Syntex Limited,AYMSYNTEX
1451,MIRCELECTR,MIRCELECTR,https://www.screener.in/company/MIRCELECTR/,MIRC Electronics Limited,MIRCELECTR
1452,NAHARPOLY,NAHARPOLY,https://www.screener.in/company/NAHARPOLY/consolidated/,Nahar Poly Films Limited,NAHARPOLY
1453,IITL,IITL,https://www.screener.in/company/IITL/consolidated/,Industrial Investment Trust Limited,IITL
1454,GOLDTECH,GOLDTECH,https://www.screener.in/company/GOLDTECH/consolidated/,AION-TECH SOLUTIONS LIMITED,GOLDTECH
1455,VENUSREM,VENUSREM,https://www.screener.in/company/VENUSREM/consolidated/,Venus Remedies Limited,VENUSREM
1456,KRISHNADEF,KRISHNADEF,https://www.screener.in/company/KRISHNADEF/,Krishna Defence and Allied Industries Limited,KRISHNADEF
1457,WINDMACHIN,WINDMACHIN,https://www.screener.in/company/WINDMACHIN/consolidated/,Windsor Machines Limited,WINDMACHIN
1458,APS,APS,https://www.screener.in/company/APS/,Australian Premium Solar (India) Limited,APS
1459,APOLSINHOT,APOLSINHOT,https://www.screener.in/company/APOLSINHOT/,Apollo Sindoori Hotels Limited,APOLSINHOT
1460,BPL,BPL,https://www.screener.in/company/BPL/,BPL Limited,BPL
1461,CYBERTECH,CYBERTECH,https://www.screener.in/company/CYBERTECH/consolidated/,Cybertech Systems And Software Limited,CYBERTECH
1462,KOTARISUG,KOTARISUG,https://www.screener.in/company/KOTARISUG/,Kothari Sugars And Chemicals Limited,KOTARISUG
1463,IL&FSENGG,IL&FSENGG,https://www.screener.in/company/IL&FSENGG/consolidated/,IL&FS Engineering and Construction Company Limited,SCRIP-132907
1464,SHIVAUM,SHIVAUM,https://www.screener.in/company/SHIVAUM/,Shiv Aum Steels Limited,SHIVAUM
1465,ESSARSHPNG,ESSARSHPNG,https://www.screener.in/company/ESSARSHPNG/consolidated/,Essar Shipping Limited,ESSARSHPNG
1466,CELLECOR,CELLECOR,https://www.screener.in/company/CELLECOR/,Cellecor Gadgets Limited,CELLECOR
1467,PROZONER,PROZONER,https://www.screener.in/company/PROZONER/consolidated/,Prozone Realty Limited,PROZONER
1468,AARTISURF,AARTISURF,https://www.screener.in/company/AARTISURF/,Aarti Surfactants Limited,AARTISURF
1469,LAL,LAL,https://www.screener.in/company/LAL/,Lorenzini Apparels Limited,LAL
1470,CINELINE,CINELINE,https://www.screener.in/company/CINELINE/consolidated/,Cineline India Limited,CINELINE
1471,TECHLABS,TECHLABS,https://www.screener.in/company/TECHLABS/consolidated/,Trident Techlabs Limited,TECHLABS
1472,FELIX,FELIX,https://www.screener.in/company/FELIX/consolidated/,Felix Industries Limited,FELIX
1473,NIPPOBATRY,NIPPOBATRY,https://www.screener.in/company/NIPPOBATRY/consolidated/,Indo-National Limited,NIPPOBATRY
1474,PREMIERPOL,PREMIERPOL,https://www.screener.in/company/PREMIERPOL/,Premier Polyfilm Limited,PREMIERPOL
1475,VARDHACRLC,VARDHACRLC,https://www.screener.in/company/VARDHACRLC/,Vardhman Acrylics Limited,VARDHACRLC
1476,RPPINFRA,RPPINFRA,https://www.screener.in/company/RPPINFRA/consolidated/,R.P.P. Infra Projects Limited,RPPINFRA
1477,HIGREEN,HIGREEN,https://www.screener.in/company/HIGREEN/,Hi-Green Carbon Limited,HIGREEN
1478,SURANI,SURANI,https://www.screener.in/company/SURANI/,Surani Steel Tubes Limited,SURANI
1479,NILAINFRA,NILAINFRA,https://www.screener.in/company/NILAINFRA/consolidated/,Nila Infrastructures Limited,NILAINFRA
1480,KAYA,KAYA,https://www.screener.in/company/KAYA/consolidated/,Kaya Limited,KAYA
1481,SJLOGISTIC,SJLOGISTIC,https://www.screener.in/company/SJLOGISTIC/consolidated/,S J Logistics (India) Limited,SJLOGISTIC
1482,CRAYONS,CRAYONS,https://www.screener.in/company/CRAYONS/,Crayons Advertising Limited,CRAYONS
1483,NITCO,NITCO,https://www.screener.in/company/NITCO/consolidated/,Nitco Limited,NITCO
1484,EUROBOND,EUROBOND,https://www.screener.in/company/EUROBOND/,Euro Panel Products Limited,EUROBOND
1485,MEDICO,MEDICO,https://www.screener.in/company/MEDICO/,Medico Remedies Limited,MEDICO
1486,ALANKIT,ALANKIT,https://www.screener.in/company/ALANKIT/consolidated/,Alankit Limited,ALANKIT
1487,EMAMIREAL,EMAMIREAL,https://www.screener.in/company/EMAMIREAL/consolidated/,Emami Realty Limited,EMAMIREAL
1488,SAAKSHI,SAAKSHI,https://www.screener.in/company/SAAKSHI/,Saakshi Medtech and Panels Limited,SAAKSHI
1489,SEJALLTD,SEJALLTD,https://www.screener.in/company/SEJALLTD/consolidated/,Sejal Glass Limited,SEJALLTD
1490,SHEMAROO,SHEMAROO,https://www.screener.in/company/SHEMAROO/consolidated/,Shemaroo Entertainment Limited,SHEMAROO
1491,BEWLTD,BEWLTD,https://www.screener.in/company/BEWLTD/,BEW Engineering Limited,BEWLTD
1492,IFBAGRO,IFBAGRO,https://www.screener.in/company/IFBAGRO/consolidated/,IFB Agro Industries Limited,IFBAGRO
1493,DICIND,DICIND,https://www.screener.in/company/DICIND/,DIC India Limited,DICIND
1494,PRECOT,PRECOT,https://www.screener.in/company/PRECOT/consolidated/,Precot Limited,PRECOT
1495,ASAHISONG,ASAHISONG,https://www.screener.in/company/ASAHISONG/consolidated/,Asahi Songwon Colors Limited,ASAHISONG
1496,ORBTEXP,ORBTEXP,https://www.screener.in/company/ORBTEXP/consolidated/,Orbit Exports Limited,ORBTEXP
1497,MODISONLTD,MODISONLTD,https://www.screener.in/company/MODISONLTD/,MODISON LIMITED,MODISONLTD
1498,AURUM,AURUM,https://www.screener.in/company/AURUM/consolidated/,Aurum PropTech Limited,AURUM
1499,KDL,KDL,https://www.screener.in/company/KDL/,Kore Digital Limited,KDL
1500,EXXARO,EXXARO,https://www.screener.in/company/EXXARO/consolidated/,Exxaro Tiles Limited,EXXARO
1501,KARNIKA,KARNIKA,https://www.screener.in/company/KARNIKA/,Karnika Industries Limited,KARNIKA
1502,SAHYADRI,SAHYADRI,https://www.screener.in/company/SAHYADRI/,Sahyadri Industries Limited,SAHYADRI
1503,SKP,SKP,https://www.screener.in/company/SKP/consolidated/,SKP Bearing Industries Limited,SKP
1504,KCPSUGIND,KCPSUGIND,https://www.screener.in/company/KCPSUGIND/consolidated/,KCP Sugar and Industries Corporation Limited,KCPSUGIND
1505,MKPL,MKPL,https://www.screener.in/company/MKPL/,M K Proteins Limited,MKPL
1506,MANAKSTEEL,MANAKSTEEL,https://www.screener.in/company/MANAKSTEEL/consolidated/,Manaksia Steels Limited,MANAKSTEEL
1507,UNIVPHOTO,UNIVPHOTO,https://www.screener.in/company/UNIVPHOTO/consolidated/,Universus Photo Imagings Limited,UNIVPHOTO
1508,SCPL,SCPL,https://www.screener.in/company/SCPL/,Sheetal Cool Products Limited,SCPL
1509,SIGMA,SIGMA,https://www.screener.in/company/SIGMA/consolidated/,Sigma Solve Limited,SIGMA
1510,IZMO,IZMO,https://www.screener.in/company/IZMO/consolidated/,IZMO Limited,IZMO
1511,SINTERCOM,SINTERCOM,https://www.screener.in/company/SINTERCOM/,Sintercom India Limited,SINTERCOM
1512,FOCE,FOCE,https://www.screener.in/company/FOCE/consolidated/,Foce India Limited,FOCE
1513,PODDARMENT,PODDARMENT,https://www.screener.in/company/PODDARMENT/,Poddar Pigments Limited,PODDARMENT
1514,PLAZACABLE,PLAZACABLE,https://www.screener.in/company/PLAZACABLE/,Plaza Wires Limited,PLAZACABLE
1515,DCMNVL,DCMNVL,https://www.screener.in/company/DCMNVL/consolidated/,DCM Nouvelle Limited,DCMNVL
1516,SHYAMCENT,SHYAMCENT,https://www.screener.in/company/SHYAMCENT/,Shyam Century Ferrous Limited,SHYAMCENT
1517,SAKHTISUG,SAKHTISUG,https://www.screener.in/company/SAKHTISUG/,Sakthi Sugars Limited,SAKHTISUG
1518,ESFL,ESFL,https://www.screener.in/company/ESFL/,Essen Speciality Films Limited,ESFL
1519,ATMASTCO,ATMASTCO,https://www.screener.in/company/ATMASTCO/consolidated/,Atmastco Limited,ATMASTCO
1520,KORE,KORE,https://www.screener.in/company/KORE/,Jay Jalaram Technologies Limited,KORE
1521,LYKALABS,LYKALABS,https://www.screener.in/company/LYKALABS/consolidated/,Lyka Labs Limited,LYKALABS
1522,STARPAPER,STARPAPER,https://www.screener.in/company/STARPAPER/,Star Paper Mills Limited,STARPAPER
1523,SRGHFL,SRGHFL,https://www.screener.in/company/SRGHFL/,SRG Housing Finance Limited,SRGHFL
1524,HINDMOTORS,HINDMOTORS,https://www.screener.in/company/HINDMOTORS/,Hindustan Motors Limited,HINDMOTORS
1525,PONNIERODE,PONNIERODE,https://www.screener.in/company/PONNIERODE/,Ponni Sugars (Erode) Limited,PONNIERODE
1526,ASHIMASYN,ASHIMASYN,https://www.screener.in/company/ASHIMASYN/,Ashima Limited,ASHIMASYN
1527,KOTHARIPRO,KOTHARIPRO,https://www.screener.in/company/KOTHARIPRO/consolidated/,Kothari Products Limited,KOTHARIPRO
1528,GOKUL,GOKUL,https://www.screener.in/company/GOKUL/consolidated/,Gokul Refoils and Solvent Limited,GOKUL
1529,HITECHCORP,HITECHCORP,https://www.screener.in/company/HITECHCORP/,Hitech Corporation Limited,HITECHCORP
1530,DIGIKORE,DIGIKORE,https://www.screener.in/company/DIGIKORE/,Digikore Studios Limited,DIGIKORE
1531,KNAGRI,KNAGRI,https://www.screener.in/company/KNAGRI/consolidated/,KN Agri Resources Limited,KNAGRI
1532,URAVI,URAVI,https://www.screener.in/company/URAVI/,Uravi T and Wedge Lamps Limited,URAVI
1533,LAWSIKHO,LAWSIKHO,https://www.screener.in/company/LAWSIKHO/,Addictive Learning Technology Limited,LAWSIKHO
1534,GOLDSTAR,GOLDSTAR,https://www.screener.in/company/GOLDSTAR/,Goldstar Power Limited,GOLDSTAR
1535,TCL,TCL,https://www.screener.in/company/TCL/consolidated/,Thaai Casting Limited,TCL
1536,RUCHIRA,RUCHIRA,https://www.screener.in/company/RUCHIRA/,Ruchira Papers Limited,RUCHIRA
1537,MAHEPC,MAHEPC,https://www.screener.in/company/MAHEPC/,Mahindra EPC Irrigation Limited,MAHEPC
1538,PROV,PROV,https://www.screener.in/company/PROV/consolidated/,Proventus Agrocom Limited,PROV
1539,OSIAHYPER,OSIAHYPER,https://www.screener.in/company/OSIAHYPER/,Osia Hyper Retail Limited,OSIAHYPER
1540,MAWANASUG,MAWANASUG,https://www.screener.in/company/MAWANASUG/consolidated/,Mawana Sugars Limited,MAWANASUG
1541,RHL,RHL,https://www.screener.in/company/RHL/,Robust Hotels Limited,RHL
1542,NATHBIOGEN,NATHBIOGEN,https://www.screener.in/company/NATHBIOGEN/consolidated/,Nath Bio-Genes (India) Limited,NATHBIOGEN
1543,EIFFL,EIFFL,https://www.screener.in/company/EIFFL/,Euro India Fresh Foods Limited,EIFFL
1544,SARTELE,SARTELE,https://www.screener.in/company/SARTELE/consolidated/,Sar Televenture Limited,SARTELE
1545,VIPULLTD,VIPULLTD,https://www.screener.in/company/VIPULLTD/consolidated/,Vipul Limited,VIPULLTD
1546,ESSENTIA,ESSENTIA,https://www.screener.in/company/ESSENTIA/consolidated/,Integra Essentia Limited,ESSENTIA
1547,MWL,MWL,https://www.screener.in/company/MWL/,Mangalam Worldwide Limited,MWL
1548,UCAL,UCAL,https://www.screener.in/company/UCAL/consolidated/,UCAL LIMITED,UCAL
1549,PASUPTAC,PASUPTAC,https://www.screener.in/company/PASUPTAC/,Pasupati Acrylon Limited,PASUPTAC
1550,DRONE,DRONE,https://www.screener.in/company/DRONE/,Drone Destination Limited,DRONE
1551,INFINIUM,INFINIUM,https://www.screener.in/company/INFINIUM/consolidated/,Infinium Pharmachem Limited,INFINIUM
1552,COASTCORP,COASTCORP,https://www.screener.in/company/COASTCORP/consolidated/,Coastal Corporation Limited,COASTCORP
1553,MOS,MOS,https://www.screener.in/company/MOS/,Mos Utility Limited,MOS
1554,BIL,BIL,https://www.screener.in/company/BIL/consolidated/,Bhartiya International Limited,BIL
1555,INDTERRAIN,INDTERRAIN,https://www.screener.in/company/INDTERRAIN/,Indian Terrain Fashions Limited,INDTERRAIN
1556,ARIES,ARIES,https://www.screener.in/company/ARIES/consolidated/,Aries Agro Limited,ARIES
1557,SHREERAMA,SHREERAMA,https://www.screener.in/company/SHREERAMA/,Shree Rama Multi-Tech Limited,SHREERAMA
1558,DYNPRO,DYNPRO,https://www.screener.in/company/DYNPRO/consolidated/,Dynemic Products Limited,DYNPRO
1559,SHERA,SHERA,https://www.screener.in/company/SHERA/consolidated/,Shera Energy Limited,SHERA
1560,MHLXMIRU,MHLXMIRU,https://www.screener.in/company/MHLXMIRU/,Mahalaxmi Rubtech Limited,MHLXMIRU
1561,NDLVENTURE,NDLVENTURE,https://www.screener.in/company/NDLVENTURE/,NDL Ventures Limited,NDLVENTURE
1562,GULFPETRO,GULFPETRO,https://www.screener.in/company/GULFPETRO/,GP Petroleums Limited,GULFPETRO
1563,TAKE,TAKE,https://www.screener.in/company/TAKE/consolidated/,Take Solutions Limited,TAKE
1564,EQUIPPP,EQUIPPP,https://www.screener.in/company/EQUIPPP/consolidated/,Equippp Social Impact Technologies Limited,EQUIPPP
1565,SMLT,SMLT,https://www.screener.in/company/SMLT/,Sarthak Metals Limited,SMLT
1566,HARRMALAYA,HARRMALAYA,https://www.screener.in/company/HARRMALAYA/consolidated/,Harrisons  Malayalam Limited,HARRMALAYA
1567,UMAEXPORTS,UMAEXPORTS,https://www.screener.in/company/UMAEXPORTS/consolidated/,Uma Exports Limited,UMAEXPORTS
1568,LANCORHOL,LANCORHOL,https://www.screener.in/company/LANCORHOL/consolidated/,Lancor Holdings Limited,LANCORHOL
1569,PROPEQUITY,PROPEQUITY,https://www.screener.in/company/PROPEQUITY/,P. E. Analytics Limited,PROPEQUITY
1570,SOFTTECH,SOFTTECH,https://www.screener.in/company/SOFTTECH/consolidated/,Softtech Engineers Limited,SOFTTECH
1571,MANOMAY,MANOMAY,https://www.screener.in/company/MANOMAY/,Manomay Tex India Limited,MANOMAY
1572,REPL,REPL,https://www.screener.in/company/REPL/consolidated/,Rudrabhishek Enterprises Limited,REPL
1573,RANASUG,RANASUG,https://www.screener.in/company/RANASUG/,Rana Sugars Limited,RANASUG
1574,NEWJAISA,NEWJAISA,https://www.screener.in/company/NEWJAISA/,Newjaisa Technologies Limited,NEWJAISA
1575,SHREYANIND,SHREYANIND,https://www.screener.in/company/SHREYANIND/,Shreyans Industries Limited,SHREYANIND
1576,IVC,IVC,https://www.screener.in/company/IVC/consolidated/,IL&FS Investment Managers Limited,IVC
1577,RAJTV,RAJTV,https://www.screener.in/company/RAJTV/,Raj Television Network Limited,RAJTV
1578,VIPCLOTHNG,VIPCLOTHNG,https://www.screener.in/company/VIPCLOTHNG/,VIP Clothing Limited,VIPCLOTHNG
1579,ABINFRA,ABINFRA,https://www.screener.in/company/ABINFRA/,A B Infrabuild Limited,ABINFRA
1580,TIPSFILMS,TIPSFILMS,https://www.screener.in/company/TIPSFILMS/,Tips Films Limited,TIPSFILMS
1581,SOUTHWEST,SOUTHWEST,https://www.screener.in/company/SOUTHWEST/,South West Pinnacle Exploration Limited,SOUTHWEST
1582,ABAN,ABAN,https://www.screener.in/company/ABAN/consolidated/,Aban Offshore Limited,ABAN
1583,AIRAN,AIRAN,https://www.screener.in/company/AIRAN/consolidated/,Airan Limited,AIRAN
1584,SUPREMEPWR,SUPREMEPWR,https://www.screener.in/company/SUPREMEPWR/,Supreme Power Equipment Limited,SUPREMEPWR
1585,VIRINCHI,VIRINCHI,https://www.screener.in/company/VIRINCHI/consolidated/,Virinchi Limited,VIRINCHI
1586,GOYALSALT,GOYALSALT,https://www.screener.in/company/GOYALSALT/,Goyal Salt Limited,GOYALSALT
1587,TRIGYN,TRIGYN,https://www.screener.in/company/TRIGYN/consolidated/,Trigyn Technologies Limited,TRIGYN
1588,EMKAY,EMKAY,https://www.screener.in/company/EMKAY/consolidated/,Emkay Global Financial Services Limited,EMKAY
1589,INDOTHAI,INDOTHAI,https://www.screener.in/company/INDOTHAI/consolidated/,Indo Thai Securities Limited,INDOTHAI
1590,RAJMET,RAJMET,https://www.screener.in/company/RAJMET/,Rajnandini Metal Limited,RAJMET
1591,RAMAPHO,RAMAPHO,https://www.screener.in/company/RAMAPHO/,Rama Phosphates Limited,RAMAPHO
1592,MGEL,MGEL,https://www.screener.in/company/MGEL/,Mangalam Global Enterprise Limited,MGEL
1593,LORDSCHLO,LORDSCHLO,https://www.screener.in/company/LORDSCHLO/,Lords Chloro Alkali Limited,LORDSCHLO
1594,SWARAJ,SWARAJ,https://www.screener.in/company/SWARAJ/consolidated/,Swaraj Suiting Limited,SWARAJ
1595,RPPL,RPPL,https://www.screener.in/company/RPPL/consolidated/,Rajshree Polypack Limited,RPPL
1596,ALMONDZ,ALMONDZ,https://www.screener.in/company/ALMONDZ/consolidated/,Almondz Global Securities Limited,ALMONDZ
1597,TEMBO,TEMBO,https://www.screener.in/company/TEMBO/,Tembo Global Industries Limited,TEMBO
1598,ZODIACLOTH,ZODIACLOTH,https://www.screener.in/company/ZODIACLOTH/consolidated/,Zodiac Clothing Company Limited,ZODIACLOTH
1599,ASCOM,ASCOM,https://www.screener.in/company/ASCOM/,Ascom Leasing & Investments Limited,ASCOM
1600,PILITA,PILITA,https://www.screener.in/company/PILITA/,PIL ITALICA LIFESTYLE LIMITED,PILITA
1601,AARON,AARON,https://www.screener.in/company/AARON/,Aaron Industries Limited,AARON
1602,JAYSREETEA,JAYSREETEA,https://www.screener.in/company/JAYSREETEA/consolidated/,Jayshree Tea & Industries Limited,JAYSREETEA
1603,KRISHCA,KRISHCA,https://www.screener.in/company/KRISHCA/,Krishca Strapping Solutions Limited,KRISHCA
1604,INTENTECH,INTENTECH,https://www.screener.in/company/INTENTECH/,Intense Technologies Limited,INTENTECH
1605,RUCHINFRA,RUCHINFRA,https://www.screener.in/company/RUCHINFRA/consolidated/,Ruchi Infrastructure Limited,RUCHINFRA
1606,MURUDCERA,MURUDCERA,https://www.screener.in/company/MURUDCERA/,Murudeshwar Ceramics Limited,MURUDCERA
1607,DRCSYSTEMS,DRCSYSTEMS,https://www.screener.in/company/DRCSYSTEMS/consolidated/,DRC Systems India Limited,DRCSYSTEMS
1608,SUNDRMBRAK,SUNDRMBRAK,https://www.screener.in/company/SUNDRMBRAK/,Sundaram Brake Linings Limited,SUNDRMBRAK
1609,VISHWARAJ,VISHWARAJ,https://www.screener.in/company/VISHWARAJ/,Vishwaraj Sugar Industries Limited,VISHWARAJ
1610,USK,USK,https://www.screener.in/company/USK/,Udayshivakumar Infra Limited,USK
1611,HINDCON,HINDCON,https://www.screener.in/company/HINDCON/consolidated/,Hindcon Chemicals Limited,HINDCON
1612,OSWALSEEDS,OSWALSEEDS,https://www.screener.in/company/OSWALSEEDS/consolidated/,ShreeOswal Seeds And Chemicals Limited,OSWALSEEDS
1613,PAR,PAR,https://www.screener.in/company/PAR/,Par Drugs And Chemicals Limited,PAR
1614,MEGASTAR,MEGASTAR,https://www.screener.in/company/MEGASTAR/,Megastar Foods Limited,MEGASTAR
1615,ZEAL,ZEAL,https://www.screener.in/company/ZEAL/consolidated/,Zeal Global Services Limited,ZEAL
1616,BHAGYANGR,BHAGYANGR,https://www.screener.in/company/BHAGYANGR/consolidated/,Bhagyanagar India Limited,BHAGYANGR
1617,KONSTELEC,KONSTELEC,https://www.screener.in/company/KONSTELEC/,Konstelec Engineers Limited,KONSTELEC
1618,WELINV,WELINV,https://www.screener.in/company/WELINV/,Welspun Investments and Commercials Limited,WELINV
1619,MARALOVER,MARALOVER,https://www.screener.in/company/MARALOVER/,Maral Overseas Limited,MARALOVER
1620,MAGNUM,MAGNUM,https://www.screener.in/company/MAGNUM/,Magnum Ventures Limited,MAGNUM
1621,GINNIFILA,GINNIFILA,https://www.screener.in/company/GINNIFILA/,Ginni Filaments Limited,GINNIFILA
1622,SADHAV,SADHAV,https://www.screener.in/company/SADHAV/,Sadhav Shipping Limited,SADHAV
1623,TARACHAND,TARACHAND,https://www.screener.in/company/TARACHAND/,Tara Chand InfraLogistic Solutions Limited,TARACHAND
1624,KMSUGAR,KMSUGAR,https://www.screener.in/company/KMSUGAR/,K.M.Sugar Mills Limited,KMSUGAR
1625,ASIANHOTNR,ASIANHOTNR,https://www.screener.in/company/ASIANHOTNR/,Asian Hotels (North) Limited,ASIANHOTNR
1626,SVLL,SVLL,https://www.screener.in/company/SVLL/,Shree Vasu Logistics Limited,SVLL
1627,GUJAPOLLO,GUJAPOLLO,https://www.screener.in/company/GUJAPOLLO/consolidated/,Gujarat Apollo Industries Limited,GUJAPOLLO
1628,NURECA,NURECA,https://www.screener.in/company/NURECA/consolidated/,Nureca Limited,NURECA
1629,STARTECK,STARTECK,https://www.screener.in/company/STARTECK/consolidated/,Starteck Finance Limited,STARTECK
1630,FROG,FROG,https://www.screener.in/company/FROG/consolidated/,Frog Cellsat Limited,FROG
1631,PRAXIS,PRAXIS,https://www.screener.in/company/PRAXIS/,Praxis Home Retail Limited,PRAXIS
1632,SHREEKARNI,SHREEKARNI,https://www.screener.in/company/SHREEKARNI/consolidated/,Shree Karni Fabcom Limited,SHREEKARNI
1633,COMSYN,COMSYN,https://www.screener.in/company/COMSYN/consolidated/,Commercial Syn Bags Limited,COMSYN
1634,ABCOTS,ABCOTS,https://www.screener.in/company/ABCOTS/,A B Cotspin India Limited,ABCOTS
1635,BGRENERGY,BGRENERGY,https://www.screener.in/company/BGRENERGY/consolidated/,BGR Energy Systems Limited,BGRENERGY
1636,RKEC,RKEC,https://www.screener.in/company/RKEC/consolidated/,RKEC Projects Limited,RKEC
1637,MCLEODRUSS,MCLEODRUSS,https://www.screener.in/company/MCLEODRUSS/consolidated/,Mcleod Russel India Limited,MCLEODRUSS
1638,CHAVDA,CHAVDA,https://www.screener.in/company/CHAVDA/,Chavda Infra Limited,CHAVDA
1639,LOYALTEX,LOYALTEX,https://www.screener.in/company/LOYALTEX/consolidated/,Loyal Textile Mills Limited,LOYALTEX
1640,KAPSTON,KAPSTON,https://www.screener.in/company/KAPSTON/,Kapston Services Limited,KAPSTON
1641,BROOKS,BROOKS,https://www.screener.in/company/BROOKS/consolidated/,Brooks Laboratories Limited,BROOKS
1642,THOMASCOTT,THOMASCOTT,https://www.screener.in/company/THOMASCOTT/,Thomas Scott (India) Limited,THOMASCOTT
1643,BASML,BASML,https://www.screener.in/company/BASML/consolidated/,Bannari Amman Spinning Mills Limited,BASML
1644,RVHL,RVHL,https://www.screener.in/company/RVHL/consolidated/,Ravinder Heights Limited,RVHL
1645,PPAP,PPAP,https://www.screener.in/company/PPAP/consolidated/,PPAP Automotive Limited,PPAP
1646,DELPHIFX,DELPHIFX,https://www.screener.in/company/DELPHIFX/,DELPHI WORLD MONEY LIMITED,DELPHIFX
1647,ELGIRUBCO,ELGIRUBCO,https://www.screener.in/company/ELGIRUBCO/consolidated/,Elgi Rubber Company Limited,ELGIRUBCO
1648,SADBHIN,SADBHIN,https://www.screener.in/company/SADBHIN/consolidated/,Sadbhav Infrastructure Project Limited,SADBHIN
1649,DCI,DCI,https://www.screener.in/company/DCI/,Dc Infotech And Communication Limited,DCI
1650,ANMOL,ANMOL,https://www.screener.in/company/ANMOL/,Anmol India Limited,ANMOL
1651,A2ZINFRA,A2ZINFRA,https://www.screener.in/company/A2ZINFRA/consolidated/,A2Z Infra Engineering Limited,A2ZINFRA
1652,AHLEAST,AHLEAST,https://www.screener.in/company/AHLEAST/consolidated/,Asian Hotels (East) Limited,AHLEAST
1653,VETO,VETO,https://www.screener.in/company/VETO/consolidated/,Veto Switchgears And Cables Limited,VETO
1654,MANORG,MANORG,https://www.screener.in/company/MANORG/consolidated/,Mangalam Organics Limited,MANORG
1655,SAH,SAH,https://www.screener.in/company/SAH/,Sah Polymers Limited,SAH
1656,ROXHITECH,ROXHITECH,https://www.screener.in/company/ROXHITECH/,Rox Hi Tech Limited,ROXHITECH
1657,AIROLAM,AIROLAM,https://www.screener.in/company/AIROLAM/,Airo Lam limited,AIROLAM
1658,BAIDFIN,BAIDFIN,https://www.screener.in/company/BAIDFIN/,Baid Finserv Limited,BAIDFIN
1659,SELMC,SELMC,https://www.screener.in/company/SELMC/,SEL Manufacturing Company Limited,SELMC
1660,DRSDILIP,DRSDILIP,https://www.screener.in/company/DRSDILIP/,DRS Dilip Roadlines Limited,DRSDILIP
1661,TEXMOPIPES,TEXMOPIPES,https://www.screener.in/company/TEXMOPIPES/consolidated/,Texmo Pipes and Products Limited,TEXMOPIPES
1662,TTL,TTL,https://www.screener.in/company/TTL/,T T Limited,TTL
1664,MANAKCOAT,MANAKCOAT,https://www.screener.in/company/MANAKCOAT/,Manaksia Coated Metals & Industries Limited,MANAKCOAT
1665,JMA,JMA,https://www.screener.in/company/JMA/,Jullundur Motor Agency (Delhi) Limited,JMA
1666,CORDSCABLE,CORDSCABLE,https://www.screener.in/company/CORDSCABLE/,Cords Cable Industries Limited,CORDSCABLE
1667,DEVIT,DEVIT,https://www.screener.in/company/DEVIT/consolidated/,Dev Information Technology Limited,DEVIT
1668,IRIS,IRIS,https://www.screener.in/company/IRIS/consolidated/,Iris Business Services Limited,IRIS
1669,CROWN,CROWN,https://www.screener.in/company/CROWN/,Crown Lifters Limited,CROWN
1670,RANEENGINE,RANEENGINE,https://www.screener.in/company/RANEENGINE/,Rane Engine Valve Limited,RANEENGINE
1671,OMAXAUTO,OMAXAUTO,https://www.screener.in/company/OMAXAUTO/,Omax Autos Limited,OMAXAUTO
1672,TREJHARA,TREJHARA,https://www.screener.in/company/TREJHARA/consolidated/,TREJHARA SOLUTIONS LIMITED,TREJHARA
1673,NILASPACES,NILASPACES,https://www.screener.in/company/NILASPACES/consolidated/,Nila Spaces Limited,NILASPACES
1674,BYKE,BYKE,https://www.screener.in/company/BYKE/,The Byke Hospitality Ltd,BYKE
1675,MODIRUBBER,MODIRUBBER,https://www.screener.in/company/MODIRUBBER/consolidated/,Modi Rubber Limited,MODIRUBBER
1676,ANLON,ANLON,https://www.screener.in/company/ANLON/,Anlon Technology Solutions Limited,ANLON
1677,PRITI,PRITI,https://www.screener.in/company/PRITI/,Priti International Limited,PRITI
1678,PARAGON,PARAGON,https://www.screener.in/company/PARAGON/,Paragon Fine and Speciality Chemical Limited,PARAGON
1679,NECCLTD,NECCLTD,https://www.screener.in/company/NECCLTD/,North Eastern Carrying Corporation Limited,NECCLTD
1680,CCHHL,CCHHL,https://www.screener.in/company/CCHHL/consolidated/,Country Club Hospitality & Holidays Limited,CCHHL
1681,SUPERHOUSE,SUPERHOUSE,https://www.screener.in/company/SUPERHOUSE/consolidated/,Superhouse Limited,SUPERHOUSE
1682,RAMANEWS,RAMANEWS,https://www.screener.in/company/RAMANEWS/,Shree Rama Newsprint Limited,RAMANEWS
1683,HILTON,HILTON,https://www.screener.in/company/HILTON/,Hilton Metal Forging Limited,HILTON
1684,NDGL,NDGL,https://www.screener.in/company/NDGL/consolidated/,Naga Dhunseri Group Limited,NDGL
1685,GSS,GSS,https://www.screener.in/company/GSS/consolidated/,GSS Infotech Limited,GSS
1687,INDOWIND,INDOWIND,https://www.screener.in/company/INDOWIND/consolidated/,Indowind Energy Limited,INDOWIND
1688,MEP,MEP,https://www.screener.in/company/MEP/consolidated/,MEP Infrastructure Developers Limited,MEP
1689,BTML,BTML,https://www.screener.in/company/BTML/consolidated/,Bodhi Tree Multimedia Limited,BTML
1690,VMARCIND,VMARCIND,https://www.screener.in/company/VMARCIND/,V Marc India Limited,VMARCIND
1691,UNITEDPOLY,UNITEDPOLY,https://www.screener.in/company/UNITEDPOLY/consolidated/,United Polyfab Gujarat Limited,UNITEDPOLY
1692,RMDRIP,RMDRIP,https://www.screener.in/company/RMDRIP/consolidated/,R M Drip and Sprinklers Systems Limited,RMDRIP
1693,ALPHAGEO,ALPHAGEO,https://www.screener.in/company/ALPHAGEO/consolidated/,Alphageo (India) Limited,ALPHAGEO
1694,QMSMEDI,QMSMEDI,https://www.screener.in/company/QMSMEDI/,QMS Medical Allied Services Limited,QMSMEDI
1695,USASEEDS,USASEEDS,https://www.screener.in/company/USASEEDS/,Upsurge Seeds Of Agriculture Limited,USASEEDS
1696,UNIHEALTH,UNIHEALTH,https://www.screener.in/company/UNIHEALTH/consolidated/,Unihealth Consultancy Limited,UNIHEALTH
1697,ROCKINGDCE,ROCKINGDCE,https://www.screener.in/company/ROCKINGDCE/,Rockingdeals Circular Economy Limited,ROCKINGDCE
1698,ESCONET,ESCONET,https://www.screener.in/company/ESCONET/,Esconet Technologies Limited,ESCONET
1699,SMSLIFE,SMSLIFE,https://www.screener.in/company/SMSLIFE/consolidated/,SMS Lifesciences India Limited,SMSLIFE
1700,VARDMNPOLY,VARDMNPOLY,https://www.screener.in/company/VARDMNPOLY/,Vardhman Polytex Limited,VARDMNPOLY
1701,AVONMORE,AVONMORE,https://www.screener.in/company/AVONMORE/consolidated/,Avonmore Capital & Management Services Limited,AVONMORE
1702,LAGNAM,LAGNAM,https://www.screener.in/company/LAGNAM/,Lagnam Spintex Limited,LAGNAM
1703,AKSHARCHEM,AKSHARCHEM,https://www.screener.in/company/AKSHARCHEM/,AksharChem India Limited,AKSHARCHEM
1704,MODTHREAD,MODTHREAD,https://www.screener.in/company/MODTHREAD/,Modern Threads (India) Limited,MODTHREAD
1705,SSFL,SSFL,https://www.screener.in/company/SSFL/,Srivari Spices And Foods Limited,SSFL
1706,IEL,IEL,https://www.screener.in/company/IEL/consolidated/,Indiabulls Enterprises Limited,IEL
1707,BAHETI,BAHETI,https://www.screener.in/company/BAHETI/,Baheti Recycling Industries Limited,BAHETI
1708,ZEELEARN,ZEELEARN,https://www.screener.in/company/ZEELEARN/consolidated/,Zee Learn Limited,ZEELEARN
1709,GENCON,GENCON,https://www.screener.in/company/GENCON/,Generic Engineering Construction and Projects Limited,GENCON
1710,SURANAT&P,SURANAT&P,https://www.screener.in/company/SURANAT&P/consolidated/,Surana Telecom and Power Limited,SCRIP-117530
1711,DELAPLEX,DELAPLEX,https://www.screener.in/company/DELAPLEX/,Delaplex Limited,DELAPLEX
1712,ASPINWALL,ASPINWALL,https://www.screener.in/company/ASPINWALL/consolidated/,Aspinwall and Company Limited,ASPINWALL
1713,DTIL,DTIL,https://www.screener.in/company/DTIL/consolidated/,Dhunseri Tea & Industries Limited,DTIL
1714,DENEERS,DENEERS,https://www.screener.in/company/DENEERS/,De Neers Tools Limited,DENEERS
1715,KCEIL,KCEIL,https://www.screener.in/company/KCEIL/,Kay Cee Energy & Infra Limited,KCEIL
1716,AVPINFRA,AVPINFRA,https://www.screener.in/company/AVPINFRA/,AVP Infracon Limited,AVPINFRA
1717,KANPRPLA,KANPRPLA,https://www.screener.in/company/KANPRPLA/,Kanpur Plastipack Limited,KANPRPLA
1718,CMNL,CMNL,https://www.screener.in/company/CMNL/,Chaman Metallics Limited,CMNL
1719,RAJSREESUG,RAJSREESUG,https://www.screener.in/company/RAJSREESUG/,Rajshree Sugars & Chemicals Limited,RAJSREESUG
1720,KBCGLOBAL,KBCGLOBAL,https://www.screener.in/company/KBCGLOBAL/consolidated/,KBC Global Limited,KBCGLOBAL
1721,EFORCE,EFORCE,https://www.screener.in/company/EFORCE/,Electro Force (India) Limited,EFORCE
1722,AURDIS,AURDIS,https://www.screener.in/company/AURDIS/,Aurangabad Distillery Limited,AURDIS
1723,INDBANK,INDBANK,https://www.screener.in/company/INDBANK/,Indbank Merchant Banking Services Limited,INDBANK
1724,TARMAT,TARMAT,https://www.screener.in/company/TARMAT/,Tarmat Limited,TARMAT
1725,INM,INM,https://www.screener.in/company/INM/,Interiors & More Limited,INM
1726,MAXPOSURE,MAXPOSURE,https://www.screener.in/company/MAXPOSURE/,Maxposure Limited,MAXPOSURE
1727,INFOLLION,INFOLLION,https://www.screener.in/company/INFOLLION/,Infollion Research Services Limited,INFOLLION
1728,BAFNAPH,BAFNAPH,https://www.screener.in/company/BAFNAPH/,Bafna Pharmaceuticals Limited,BAFNAPH
1729,MAHAPEXLTD,MAHAPEXLTD,https://www.screener.in/company/MAHAPEXLTD/consolidated/,Maha Rashtra Apex Corporation Limited,MAHAPEXLTD
1730,EFACTOR,EFACTOR,https://www.screener.in/company/EFACTOR/consolidated/,E Factor Experiences Limited,EFACTOR
1731,CLOUD,CLOUD,https://www.screener.in/company/CLOUD/consolidated/,Varanium Cloud Limited,CLOUD
1732,COMPUSOFT,COMPUSOFT,https://www.screener.in/company/COMPUSOFT/consolidated/,Compucom Software Limited,COMPUSOFT
1733,DJML,DJML,https://www.screener.in/company/DJML/,DJ Mediaprint & Logistics Limited,DJML
1734,DUCON,DUCON,https://www.screener.in/company/DUCON/consolidated/,Ducon Infratechnologies Limited,DUCON
1735,ATLANTAA,ATLANTAA,https://www.screener.in/company/ATLANTAA/consolidated/,ATLANTAA LIMITED,ATLANTAA
1736,PRATHAM,PRATHAM,https://www.screener.in/company/PRATHAM/,Pratham EPC Projects Limited,PRATHAM
1737,MADHAVBAUG,MADHAVBAUG,https://www.screener.in/company/MADHAVBAUG/consolidated/,Vaidya Sane Ayurved Laboratories Limited,MADHAVBAUG
1738,MAHESHWARI,MAHESHWARI,https://www.screener.in/company/MAHESHWARI/,Maheshwari Logistics Limited,MAHESHWARI
1739,SHIVATEX,SHIVATEX,https://www.screener.in/company/SHIVATEX/,Shiva Texyarn Limited,SHIVATEX
1740,SIGIND,SIGIND,https://www.screener.in/company/SIGIND/,Signet Industries Limited,SIGIND
1741,DHRUV,DHRUV,https://www.screener.in/company/DHRUV/,Dhruv Consultancy Services Limited,DHRUV
1742,SECL,SECL,https://www.screener.in/company/SECL/,Salasar Exteriors and Contour Limited,SECL
1743,NITIRAJ,NITIRAJ,https://www.screener.in/company/NITIRAJ/,Nitiraj Engineers Limited,NITIRAJ
1744,INVENTURE,INVENTURE,https://www.screener.in/company/INVENTURE/consolidated/,Inventure Growth & Securities Limited,INVENTURE
1745,ATAM,ATAM,https://www.screener.in/company/ATAM/,Atam Valves Limited,ATAM
1746,SPECTSTM,SPECTSTM,https://www.screener.in/company/SPECTSTM/consolidated/,Spectrum Talent Management Limited,SPECTSTM
1747,AARVI,AARVI,https://www.screener.in/company/AARVI/consolidated/,Aarvi Encon Limited,AARVI
1748,WEIZMANIND,WEIZMANIND,https://www.screener.in/company/WEIZMANIND/consolidated/,Weizmann Limited,WEIZMANIND
1749,SALSTEEL,SALSTEEL,https://www.screener.in/company/SALSTEEL/,S.A.L. Steel Limited,SALSTEEL
1750,ALPA,ALPA,https://www.screener.in/company/ALPA/consolidated/,Alpa Laboratories Limited,ALPA
1751,GVPTECH,GVPTECH,https://www.screener.in/company/GVPTECH/,GVP Infotech Limited,GVPTECH
1752,SHREEOSFM,SHREEOSFM,https://www.screener.in/company/SHREEOSFM/,Shree OSFM E-Mobility Limited,SHREEOSFM
1753,SONAMAC,SONAMAC,https://www.screener.in/company/SONAMAC/,Sona Machinery Limited,SONAMAC
1754,GLOBALVECT,GLOBALVECT,https://www.screener.in/company/GLOBALVECT/,Global Vectra Helicorp Limited,GLOBALVECT
1755,MANAKALUCO,MANAKALUCO,https://www.screener.in/company/MANAKALUCO/,Manaksia Aluminium Company Limited,MANAKALUCO
1756,INCREDIBLE,INCREDIBLE,https://www.screener.in/company/INCREDIBLE/,INCREDIBLE INDUSTRIES LIMITED,INCREDIBLE
1757,BLBLIMITED,BLBLIMITED,https://www.screener.in/company/BLBLIMITED/,BLB Limited,BLBLIMITED
1758,EROSMEDIA,EROSMEDIA,https://www.screener.in/company/EROSMEDIA/consolidated/,Eros International Media Limited,EROSMEDIA
1759,SUPREMEINF,SUPREMEINF,https://www.screener.in/company/SUPREMEINF/consolidated/,Supreme Infrastructure India Limited,SUPREMEINF
1760,SMARTLINK,SMARTLINK,https://www.screener.in/company/SMARTLINK/consolidated/,Smartlink Holdings Limited,SMARTLINK
1761,VITAL,VITAL,https://www.screener.in/company/VITAL/consolidated/,Vital Chemtech Limited,VITAL
1762,VISESHINFO,VISESHINFO,https://www.screener.in/company/VISESHINFO/consolidated/,Visesh Infotecnics Limited,VISESHINFO
1763,CADSYS,CADSYS,https://www.screener.in/company/CADSYS/consolidated/,Cadsys (India) Limited,CADSYS
1764,XELPMOC,XELPMOC,https://www.screener.in/company/XELPMOC/consolidated/,Xelpmoc Design And Tech Limited,XELPMOC
1765,SWASTIK,SWASTIK,https://www.screener.in/company/SWASTIK/,Swastik Pipe Limited,SWASTIK
1766,PRAENG,PRAENG,https://www.screener.in/company/PRAENG/consolidated/,Prajay Engineers Syndicate Limited,PRAENG
1767,MUKTAARTS,MUKTAARTS,https://www.screener.in/company/MUKTAARTS/consolidated/,Mukta Arts Limited,MUKTAARTS
1768,PARIN,PARIN,https://www.screener.in/company/PARIN/consolidated/,Parin Furniture Limited,PARIN
1769,VIVIANA,VIVIANA,https://www.screener.in/company/VIVIANA/,Viviana Power Tech Limited,VIVIANA
1770,UMANGDAIRY,UMANGDAIRY,https://www.screener.in/company/UMANGDAIRY/,Umang Dairies Limited,UMANGDAIRY
1771,BSL,BSL,https://www.screener.in/company/BSL/,BSL Limited,BSL
1772,MAHASTEEL,MAHASTEEL,https://www.screener.in/company/MAHASTEEL/,Mahamaya Steel Industries Limited,MAHASTEEL
1773,ARCHIDPLY,ARCHIDPLY,https://www.screener.in/company/ARCHIDPLY/consolidated/,Archidply Industries Limited,ARCHIDPLY
1774,CTE,CTE,https://www.screener.in/company/CTE/consolidated/,Cambridge Technology Enterprises Limited,CTE
1775,ARSHIYA,ARSHIYA,https://www.screener.in/company/ARSHIYA/consolidated/,Arshiya Limited,ARSHIYA
1776,AARTECH,AARTECH,https://www.screener.in/company/AARTECH/,Aartech Solonics Limited,AARTECH
1777,SALONA,SALONA,https://www.screener.in/company/SALONA/,Salona Cotspin Limited,SALONA
1778,LOVABLE,LOVABLE,https://www.screener.in/company/LOVABLE/,Lovable Lingerie Limited,LOVABLE
1779,CANARYS,CANARYS,https://www.screener.in/company/CANARYS/consolidated/,Canarys Automations Limited,CANARYS
1780,BAWEJA,BAWEJA,https://www.screener.in/company/BAWEJA/,Baweja Studios Limited,BAWEJA
1781,URBAN,URBAN,https://www.screener.in/company/URBAN/,Urban Enviro Waste Management Limited,URBAN
1782,BAGFILMS,BAGFILMS,https://www.screener.in/company/BAGFILMS/consolidated/,B.A.G Films and Media Limited,BAGFILMS
1783,ISFT,ISFT,https://www.screener.in/company/ISFT/consolidated/,Intrasoft Technologies Limited,ISFT
1784,KLL,KLL,https://www.screener.in/company/KLL/consolidated/,Kaushalya Logistics Limited,KLL
1785,GREENCHEF,GREENCHEF,https://www.screener.in/company/GREENCHEF/,Greenchef Appliances Limited,GREENCHEF
1786,IVP,IVP,https://www.screener.in/company/IVP/,IVP Limited,IVP
1787,WORTH,WORTH,https://www.screener.in/company/WORTH/consolidated/,Worth Peripherals Limited,WORTH
1788,SONAMLTD,SONAMLTD,https://www.screener.in/company/SONAMLTD/,SONAM LIMITED,SONAMLTD
1789,SUMIT,SUMIT,https://www.screener.in/company/SUMIT/consolidated/,Sumit Woods Limited,SUMIT
1790,TIRUPATIFL,TIRUPATIFL,https://www.screener.in/company/TIRUPATIFL/,Tirupati Forge Limited,TIRUPATIFL
1791,EMMBI,EMMBI,https://www.screener.in/company/EMMBI/,Emmbi Industries Limited,EMMBI
1792,ARVEE,ARVEE,https://www.screener.in/company/ARVEE/,Arvee Laboratories (India) Limited,ARVEE
1793,UNITEDTEA,UNITEDTEA,https://www.screener.in/company/UNITEDTEA/,The United Nilgiri Tea Estates Company Limited,UNITEDTEA
1794,UNIVASTU,UNIVASTU,https://www.screener.in/company/UNIVASTU/consolidated/,Univastu India Limited,UNIVASTU
1795,LLOYDS,LLOYDS,https://www.screener.in/company/LLOYDS/,Lloyds Luxuries Limited,LLOYDS
1796,SURANASOL,SURANASOL,https://www.screener.in/company/SURANASOL/,Surana Solar Limited,SURANASOL
1797,SOMICONVEY,SOMICONVEY,https://www.screener.in/company/SOMICONVEY/,Somi Conveyor Beltings Limited,SOMICONVEY
1798,KAKATCEM,KAKATCEM,https://www.screener.in/company/KAKATCEM/,Kakatiya Cement Sugar & Industries Limited,KAKATCEM
1799,SHIGAN,SHIGAN,https://www.screener.in/company/SHIGAN/,Shigan Quantum Technologies Limited,SHIGAN
1800,BHARATGEAR,BHARATGEAR,https://www.screener.in/company/BHARATGEAR/,Bharat Gears Limited,BHARATGEAR
1801,ONDOOR,ONDOOR,https://www.screener.in/company/ONDOOR/,On Door Concepts Limited,ONDOOR
1802,OILCOUNTUB,OILCOUNTUB,https://www.screener.in/company/OILCOUNTUB/,Oil Country Tubular Limited,OILCOUNTUB
1803,SPLIL,SPLIL,https://www.screener.in/company/SPLIL/,SPL Industries Limited,SPLIL
1804,CAPTRUST,CAPTRUST,https://www.screener.in/company/CAPTRUST/,Capital Trust Limited,CAPTRUST
1805,FIDEL,FIDEL,https://www.screener.in/company/FIDEL/,Fidel Softech Limited,FIDEL
1806,MDL,MDL,https://www.screener.in/company/MDL/consolidated/,Marvel Decor Limited,MDL
1808,VEEKAYEM,VEEKAYEM,https://www.screener.in/company/VEEKAYEM/,Veekayem Fashion and Apparels Limited,VEEKAYEM
1809,DYNAMIC,DYNAMIC,https://www.screener.in/company/DYNAMIC/consolidated/,Dynamic Services & Security Limited,DYNAMIC
1810,GILLANDERS,GILLANDERS,https://www.screener.in/company/GILLANDERS/consolidated/,Gillanders Arbuthnot & Company Limited,GILLANDERS
1811,CENTEXT,CENTEXT,https://www.screener.in/company/CENTEXT/,Century Extrusions Limited,CENTEXT
1812,SHRITECH,SHRITECH,https://www.screener.in/company/SHRITECH/,Shri Techtex Limited,SHRITECH
1813,TOTAL,TOTAL,https://www.screener.in/company/TOTAL/consolidated/,Total Transport Systems Limited,TOTAL
1814,MITCON,MITCON,https://www.screener.in/company/MITCON/consolidated/,MITCON Consultancy & Engineering Services Limited,MITCON
1815,ARHAM,ARHAM,https://www.screener.in/company/ARHAM/,Arham Technologies Limited,ARHAM
1816,TOUCHWOOD,TOUCHWOOD,https://www.screener.in/company/TOUCHWOOD/,Touchwood Entertainment Limited,TOUCHWOOD
1817,JOCIL,JOCIL,https://www.screener.in/company/JOCIL/,Jocil Limited,JOCIL
1818,VAISHALI,VAISHALI,https://www.screener.in/company/VAISHALI/,Vaishali Pharma Limited,VAISHALI
1819,FCONSUMER,FCONSUMER,https://www.screener.in/company/FCONSUMER/consolidated/,Future Consumer Limited,FCONSUMER
1820,DIGIDRIVE,DIGIDRIVE,https://www.screener.in/company/DIGIDRIVE/consolidated/,Digidrive Distributors Limited,DIGIDRIVE
1821,KEL,KEL,https://www.screener.in/company/KEL/,Kundan Edifice Limited,KEL
1822,CORALFINAC,CORALFINAC,https://www.screener.in/company/CORALFINAC/,Coral India Finance & Housing Limited,CORALFINAC
1823,ACCURACY,ACCURACY,https://www.screener.in/company/ACCURACY/consolidated/,Accuracy Shipping Limited,ACCURACY
1824,KALYANIFRG,KALYANIFRG,https://www.screener.in/company/KALYANIFRG/,Kalyani Forge Limited,KALYANIFRG
1825,NIRAJ,NIRAJ,https://www.screener.in/company/NIRAJ/,Niraj Cement Structurals Limited,NIRAJ
1826,SRIVASAVI,SRIVASAVI,https://www.screener.in/company/SRIVASAVI/,Srivasavi Adhesive Tapes Limited,SRIVASAVI
1827,IPSL,IPSL,https://www.screener.in/company/IPSL/,Integrated Personnel Services Limited,IPSL
1828,GTL,GTL,https://www.screener.in/company/GTL/,GTL Limited,GTL
1829,RELCHEMQ,RELCHEMQ,https://www.screener.in/company/RELCHEMQ/,Reliance Chemotex Industries Limited,RELCHEMQ
1830,INDIANCARD,INDIANCARD,https://www.screener.in/company/INDIANCARD/consolidated/,Indian Card Clothing Company Limited,INDIANCARD
1831,MANGALAM,MANGALAM,https://www.screener.in/company/MANGALAM/,Mangalam Drugs And Organics Limited,MANGALAM
1832,PALREDTEC,PALREDTEC,https://www.screener.in/company/PALREDTEC/consolidated/,Palred Technologies Limited,PALREDTEC
1833,SIL,SIL,https://www.screener.in/company/SIL/consolidated/,Standard Industries Limited,SIL
1834,LEMERITE,LEMERITE,https://www.screener.in/company/LEMERITE/,Le Merite Exports Limited,LEMERITE
1835,BALPHARMA,BALPHARMA,https://www.screener.in/company/BALPHARMA/consolidated/,Bal Pharma Limited,BALPHARMA
1836,KOHINOOR,KOHINOOR,https://www.screener.in/company/KOHINOOR/consolidated/,Kohinoor Foods Limited,KOHINOOR
1837,AKANKSHA,AKANKSHA,https://www.screener.in/company/AKANKSHA/,Akanksha Power and Infrastructure Limited,AKANKSHA
1838,RHFL,RHFL,https://www.screener.in/company/RHFL/,Reliance Home Finance Limited,RHFL
1839,LAMBODHARA,LAMBODHARA,https://www.screener.in/company/LAMBODHARA/,Lambodhara Textiles Limited,LAMBODHARA
1840,CUBEXTUB,CUBEXTUB,https://www.screener.in/company/CUBEXTUB/,Cubex Tubings Limited,CUBEXTUB
1841,GOLDKART,GOLDKART,https://www.screener.in/company/GOLDKART/,Goldkart Jewels Limited,GOLDKART
1842,AHLADA,AHLADA,https://www.screener.in/company/AHLADA/,Ahlada Engineers Limited,AHLADA
1843,BEARDSELL,BEARDSELL,https://www.screener.in/company/BEARDSELL/,Beardsell Limited,BEARDSELL
1844,IL&FSTRANS,IL&FSTRANS,https://www.screener.in/company/IL&FSTRANS/,IL&FS Transportation Networks Limited,SCRIP-210277
1845,HPIL,HPIL,https://www.screener.in/company/HPIL/,Hindprakash Industries Limited,HPIL
1846,PANSARI,PANSARI,https://www.screener.in/company/PANSARI/,Pansari Developers Limited,PANSARI
1847,AMJLAND,AMJLAND,https://www.screener.in/company/AMJLAND/consolidated/,Amj Land Holdings Limited,AMJLAND
1848,NOIDATOLL,NOIDATOLL,https://www.screener.in/company/NOIDATOLL/consolidated/,Noida Toll Bridge Company Limited,NOIDATOLL
1849,DBSTOCKBRO,DBSTOCKBRO,https://www.screener.in/company/DBSTOCKBRO/consolidated/,DB (International) Stock Brokers Limited,DBSTOCKBRO
1850,HOMESFY,HOMESFY,https://www.screener.in/company/HOMESFY/consolidated/,Homesfy Realty Limited,HOMESFY
1851,S&SPOWER,S&SPOWER,https://www.screener.in/company/S&SPOWER/consolidated/,S&S Power Switchgears Limited,SCRIP-117273IL&FSTRANS
1852,GRCL,GRCL,https://www.screener.in/company/GRCL/,Gayatri Rubbers And Chemicals Limited,GRCL
1853,PULZ,PULZ,https://www.screener.in/company/PULZ/consolidated/,Pulz Electronics Limited,PULZ
1854,AKI,AKI,https://www.screener.in/company/AKI/,AKI India Limited,AKI
1855,AGRITECH,AGRITECH,https://www.screener.in/company/AGRITECH/,Agri-Tech (India) Limited,AGRITECH
1856,DCM,DCM,https://www.screener.in/company/DCM/consolidated/,DCM  Limited,DCM
1857,PRAKASHSTL,PRAKASHSTL,https://www.screener.in/company/PRAKASHSTL/,Prakash Steelage Limited,PRAKASHSTL
1858,SOTAC,SOTAC,https://www.screener.in/company/SOTAC/consolidated/,Sotac Pharmaceuticals Limited,SOTAC
1859,SHRADHA,SHRADHA,https://www.screener.in/company/SHRADHA/consolidated/,Shradha Infraprojects Limited,SHRADHA
1860,MADHUSUDAN,MADHUSUDAN,https://www.screener.in/company/MADHUSUDAN/,Madhusudan Masala Limited,MADHUSUDAN
1861,JAINAM,JAINAM,https://www.screener.in/company/JAINAM/,Jainam Ferro Alloys (I) Limited,JAINAM
1862,FONEBOX,FONEBOX,https://www.screener.in/company/FONEBOX/,Fonebox Retail Limited,FONEBOX
1863,SUNDARAM,SUNDARAM,https://www.screener.in/company/SUNDARAM/,Sundaram Multi Pap Limited,SUNDARAM
1864,MRO-TEK,MRO-TEK,https://www.screener.in/company/MRO-TEK/consolidated/,MRO-TEK Realty Limited,MRO-TEK
1865,KREBSBIO,KREBSBIO,https://www.screener.in/company/KREBSBIO/,Krebs Biochemicals and Industries Limited,KREBSBIO
1866,KHFM,KHFM,https://www.screener.in/company/KHFM/consolidated/,Khfm Hospitality And Facility Management Services Limited,KHFM
1867,PASHUPATI,PASHUPATI,https://www.screener.in/company/PASHUPATI/,Pashupati Cotspin Limited,PASHUPATI
1868,DUCOL,DUCOL,https://www.screener.in/company/DUCOL/,Ducol Organics And Colours Limited,DUCOL
1869,AKSHOPTFBR,AKSHOPTFBR,https://www.screener.in/company/AKSHOPTFBR/consolidated/,Aksh Optifibre Limited,AKSHOPTFBR
1870,WIPL,WIPL,https://www.screener.in/company/WIPL/consolidated/,The Western India Plywoods Limited,WIPL
1871,PATINTLOG,PATINTLOG,https://www.screener.in/company/PATINTLOG/,Patel Integrated Logistics Limited,PATINTLOG
1872,IBLFL,IBLFL,https://www.screener.in/company/IBLFL/,IBL Finance Limited,IBLFL
1873,VR,VR,https://www.screener.in/company/VR/consolidated/,V R Infraspace Limited,VR
1874,GICL,GICL,https://www.screener.in/company/GICL/,Globe International Carriers Limited,GICL
1875,JHS,JHS,https://www.screener.in/company/JHS/consolidated/,JHS Svendgaard Laboratories Limited,JHS
1876,FLEXITUFF,FLEXITUFF,https://www.screener.in/company/FLEXITUFF/consolidated/,Flexituff Ventures International Limited,FLEXITUFF
1877,AUSOMENT,AUSOMENT,https://www.screener.in/company/AUSOMENT/consolidated/,Ausom Enterprise Limited,AUSOMENT
1878,DANGEE,DANGEE,https://www.screener.in/company/DANGEE/,Dangee Dums Limited,DANGEE
1879,DGCONTENT,DGCONTENT,https://www.screener.in/company/DGCONTENT/consolidated/,Digicontent Limited,DGCONTENT
1880,ARTNIRMAN,ARTNIRMAN,https://www.screener.in/company/ARTNIRMAN/,Art Nirman Limited,ARTNIRMAN
1881,SHAH,SHAH,https://www.screener.in/company/SHAH/consolidated/,Shah Metacorp Limited,SHAH
1882,SECURKLOUD,SECURKLOUD,https://www.screener.in/company/SECURKLOUD/consolidated/,SECUREKLOUD TECHNOLOGIES LIMITED,SECURKLOUD
1883,SURYALAXMI,SURYALAXMI,https://www.screener.in/company/SURYALAXMI/,Suryalakshmi Cotton Mills Limited,SURYALAXMI
1884,BVCL,BVCL,https://www.screener.in/company/BVCL/consolidated/,Barak Valley Cements Limited,BVCL
1885,GOYALALUM,GOYALALUM,https://www.screener.in/company/GOYALALUM/,Goyal Aluminiums Limited,GOYALALUM
1886,TRANSTEEL,TRANSTEEL,https://www.screener.in/company/TRANSTEEL/,Transteel Seating Technologies Limited,TRANSTEEL
1887,BHANDARI,BHANDARI,https://www.screener.in/company/BHANDARI/,Bhandari Hosiery Exports Limited,BHANDARI
1888,PARTYCRUS,PARTYCRUS,https://www.screener.in/company/PARTYCRUS/,Party Cruisers Limited,PARTYCRUS
1889,MOTOGENFIN,MOTOGENFIN,https://www.screener.in/company/MOTOGENFIN/consolidated/,The Motor & General Finance Limited,MOTOGENFIN
1890,PALASHSECU,PALASHSECU,https://www.screener.in/company/PALASHSECU/consolidated/,Palash Securities Limited,PALASHSECU
1891,ANIKINDS,ANIKINDS,https://www.screener.in/company/ANIKINDS/consolidated/,Anik Industries Limited,ANIKINDS
1892,SHAHALLOYS,SHAHALLOYS,https://www.screener.in/company/SHAHALLOYS/consolidated/,Shah Alloys Limited,SHAHALLOYS
1893,TAINWALCHM,TAINWALCHM,https://www.screener.in/company/TAINWALCHM/,Tainwala Chemical and Plastic (I) Limited,TAINWALCHM
1894,SUVIDHAA,SUVIDHAA,https://www.screener.in/company/SUVIDHAA/,Suvidhaa Infoserve Limited,SUVIDHAA
1895,LOTUSEYE,LOTUSEYE,https://www.screener.in/company/LOTUSEYE/,Lotus Eye Hospital and Institute Limited,LOTUSEYE
1896,GANGESSECU,GANGESSECU,https://www.screener.in/company/GANGESSECU/consolidated/,Ganges Securities Limited,GANGESSECU
1897,AGNI,AGNI,https://www.screener.in/company/AGNI/,Agni Green Power Limited,AGNI
1898,SIKKO,SIKKO,https://www.screener.in/company/SIKKO/,Sikko Industries Limited,SIKKO
1899,AMDIND,AMDIND,https://www.screener.in/company/AMDIND/,AMD Industries Limited,AMDIND
1900,STEELCITY,STEELCITY,https://www.screener.in/company/STEELCITY/consolidated/,Steel City Securities Limited,STEELCITY
1901,TPHQ,TPHQ,https://www.screener.in/company/TPHQ/,Teamo Productions HQ Limited,TPHQ
1902,GLOBE,GLOBE,https://www.screener.in/company/GLOBE/consolidated/,Globe Textiles (India) Limited,GLOBE
1904,SOMATEX,SOMATEX,https://www.screener.in/company/SOMATEX/,Soma Textiles & Industries Limited,SOMATEX
1905,AAREYDRUGS,AAREYDRUGS,https://www.screener.in/company/AAREYDRUGS/,Aarey Drugs & Pharmaceuticals Limited,AAREYDRUGS
1906,QUICKTOUCH,QUICKTOUCH,https://www.screener.in/company/QUICKTOUCH/,Quicktouch Technologies Limited,QUICKTOUCH
1907,LASA,LASA,https://www.screener.in/company/LASA/,Lasa Supergenerics Limited,LASA
1908,ZENITHDRUG,ZENITHDRUG,https://www.screener.in/company/ZENITHDRUG/,Zenith Drugs Limited,ZENITHDRUG
1909,ZENITHSTL,ZENITHSTL,https://www.screener.in/company/ZENITHSTL/consolidated/,Zenith Steel Pipes & Industries Limited,ZENITHSTL
1910,LPDC,LPDC,https://www.screener.in/company/LPDC/,Landmark Property Development Company Limited,LPDC
1911,NIRMAN,NIRMAN,https://www.screener.in/company/NIRMAN/,Nirman Agri Genetics Limited,NIRMAN
1912,NAGREEKEXP,NAGREEKEXP,https://www.screener.in/company/NAGREEKEXP/,Nagreeka Exports Limited,NAGREEKEXP
1913,AVROIND,AVROIND,https://www.screener.in/company/AVROIND/,AVRO INDIA LIMITED,AVROIND
1914,ALKALI,ALKALI,https://www.screener.in/company/ALKALI/,Alkali Metals Limited,ALKALI
1915,AAATECH,AAATECH,https://www.screener.in/company/AAATECH/,AAA Technologies Limited,AAATECH
1916,CINEVISTA,CINEVISTA,https://www.screener.in/company/CINEVISTA/consolidated/,Cinevista Limited,CINEVISTA
1917,ENERGYDEV,ENERGYDEV,https://www.screener.in/company/ENERGYDEV/consolidated/,Energy Development Company Limited,ENERGYDEV
1918,ATALREAL,ATALREAL,https://www.screener.in/company/ATALREAL/,Atal Realtech Limited,ATALREAL
1919,GROBTEA,GROBTEA,https://www.screener.in/company/GROBTEA/,The Grob Tea Company Limited,GROBTEA
1920,SIMBHALS,SIMBHALS,https://www.screener.in/company/SIMBHALS/,Simbhaoli Sugars Limited,SIMBHALS
1921,GLOBALPET,GLOBALPET,https://www.screener.in/company/GLOBALPET/,Global Pet Industries Limited,GLOBALPET
1922,BANKA,BANKA,https://www.screener.in/company/BANKA/consolidated/,Banka BioLoo Limited,BANKA
1923,PIONEEREMB,PIONEEREMB,https://www.screener.in/company/PIONEEREMB/consolidated/,Pioneer Embroideries Limited,PIONEEREMB
1924,KEYFINSERV,KEYFINSERV,https://www.screener.in/company/KEYFINSERV/consolidated/,Keynote Financial Services Limited,KEYFINSERV
1925,PKTEA,PKTEA,https://www.screener.in/company/PKTEA/,The Peria Karamalai Tea & Produce Company Limited,PKTEA
1926,DELTAMAGNT,DELTAMAGNT,https://www.screener.in/company/DELTAMAGNT/consolidated/,Delta Manufacturing Limited,DELTAMAGNT
1927,ARCHIES,ARCHIES,https://www.screener.in/company/ARCHIES/,Archies Limited,ARCHIES
1928,MAHICKRA,MAHICKRA,https://www.screener.in/company/MAHICKRA/,Mahickra Chemicals Limited,MAHICKRA
1929,OBCL,OBCL,https://www.screener.in/company/OBCL/consolidated/,Orissa Bengal Carrier Limited,OBCL
1930,SAIFL,SAIFL,https://www.screener.in/company/SAIFL/,Sameera Agro And Infra Limited,SAIFL
1931,INDSWFTLTD,INDSWFTLTD,https://www.screener.in/company/INDSWFTLTD/,Ind-Swift Limited,INDSWFTLTD
1932,BIOFILCHEM,BIOFILCHEM,https://www.screener.in/company/BIOFILCHEM/,Biofil Chemicals & Pharmaceuticals Limited,BIOFILCHEM
1933,VINNY,VINNY,https://www.screener.in/company/VINNY/,Vinny Overseas Limited,VINNY
1934,SAMBHAAV,SAMBHAAV,https://www.screener.in/company/SAMBHAAV/consolidated/,Sambhaav Media Limited,SAMBHAAV
1935,DAMODARIND,DAMODARIND,https://www.screener.in/company/DAMODARIND/,Damodar Industries Limited,DAMODARIND
1936,GANGAFORGE,GANGAFORGE,https://www.screener.in/company/GANGAFORGE/,Ganga Forging Limited,GANGAFORGE
1937,MHHL,MHHL,https://www.screener.in/company/MHHL/,Mohini Health & Hygiene Limited,MHHL
1938,VASWANI,VASWANI,https://www.screener.in/company/VASWANI/,Vaswani Industries Limited,VASWANI
1939,HISARMETAL,HISARMETAL,https://www.screener.in/company/HISARMETAL/,Hisar Metal Industries Limited,HISARMETAL
1940,PARASPETRO,PARASPETRO,https://www.screener.in/company/PARASPETRO/,Paras Petrofils Limited,PARASPETRO
1941,SECMARK,SECMARK,https://www.screener.in/company/SECMARK/consolidated/,SecMark Consultancy Limited,SECMARK
1942,CELEBRITY,CELEBRITY,https://www.screener.in/company/CELEBRITY/,Celebrity Fashions Limited,CELEBRITY
1943,PRESSTONIC,PRESSTONIC,https://www.screener.in/company/PRESSTONIC/,Presstonic Engineering Limited,PRESSTONIC
1944,SYNOPTICS,SYNOPTICS,https://www.screener.in/company/SYNOPTICS/consolidated/,Synoptics Technologies Limited,SYNOPTICS
1945,YAARI,YAARI,https://www.screener.in/company/YAARI/consolidated/,Yaari Digital Integrated Services Limited,YAARI
1946,AAKASH,AAKASH,https://www.screener.in/company/AAKASH/,Aakash Exploration Services Limited,AAKASH
1947,REGENCERAM,REGENCERAM,https://www.screener.in/company/REGENCERAM/,Regency Ceramics Limited,REGENCERAM
1948,TOKYOPLAST,TOKYOPLAST,https://www.screener.in/company/TOKYOPLAST/,Tokyo Plast International Limited,TOKYOPLAST
1949,ZENITHEXPO,ZENITHEXPO,https://www.screener.in/company/ZENITHEXPO/,Zenith Exports Limited,ZENITHEXPO
1950,MOKSH,MOKSH,https://www.screener.in/company/MOKSH/,Moksh Ornaments Limited,MOKSH
1951,DOLLEX,DOLLEX,https://www.screener.in/company/DOLLEX/,Dollex Agrotech Limited,DOLLEX
1952,ARABIAN,ARABIAN,https://www.screener.in/company/ARABIAN/,Arabian Petroleum Limited,ARABIAN
1953,TREEHOUSE,TREEHOUSE,https://www.screener.in/company/TREEHOUSE/,Tree House Education & Accessories Limited,TREEHOUSE
1954,DEEM,DEEM,https://www.screener.in/company/DEEM/,Deem Roll Tech Limited,DEEM
1955,ARIHANTACA,ARIHANTACA,https://www.screener.in/company/ARIHANTACA/,Arihant Academy Limited,ARIHANTACA
1956,ASTRON,ASTRON,https://www.screener.in/company/ASTRON/,Astron Paper & Board Mill Limited,ASTRON
1957,PANACHE,PANACHE,https://www.screener.in/company/PANACHE/consolidated/,Panache Digilife Limited,PANACHE
1958,PRITIKA,PRITIKA,https://www.screener.in/company/PRITIKA/consolidated/,Pritika Engineering Components Limited,PRITIKA
1959,SAMPANN,SAMPANN,https://www.screener.in/company/SAMPANN/consolidated/,Sampann Utpadan India Limited,SAMPANN
1960,ENFUSE,ENFUSE,https://www.screener.in/company/ENFUSE/,Enfuse Solutions Limited,ENFUSE
1961,MCL,MCL,https://www.screener.in/company/MCL/,Madhav Copper Limited,MCL
1962,FIBERWEB,FIBERWEB,https://www.screener.in/company/FIBERWEB/,Fiberweb (India) Limited,FIBERWEB
1963,PROLIFE,PROLIFE,https://www.screener.in/company/PROLIFE/,Prolife Industries Limited,PROLIFE
1964,PRECISION,PRECISION,https://www.screener.in/company/PRECISION/,Precision Metaliks Limited,PRECISION
1965,BABAFP,BABAFP,https://www.screener.in/company/BABAFP/consolidated/,Baba Food Processing (India) Limited,BABAFP
1966,AUROIMPEX,AUROIMPEX,https://www.screener.in/company/AUROIMPEX/,Auro Impex  & Chemicals Limited,AUROIMPEX
1967,PRAMARA,PRAMARA,https://www.screener.in/company/PRAMARA/consolidated/,Pramara Promotions Limited,PRAMARA
1968,PENTAGON,PENTAGON,https://www.screener.in/company/PENTAGON/,Pentagon Rubber Limited,PENTAGON
1969,MAL,MAL,https://www.screener.in/company/MAL/,Mangalam Alloys Limited,MAL
1970,PIGL,PIGL,https://www.screener.in/company/PIGL/,Power & Instrumentation (Gujarat) Limited,PIGL
1971,RCDL,RCDL,https://www.screener.in/company/RCDL/,Rajgor Castor Derivatives Limited,RCDL
1972,MBECL,MBECL,https://www.screener.in/company/MBECL/consolidated/,Mcnally Bharat Engineering Company Limited,MBECL
1973,SETCO,SETCO,https://www.screener.in/company/SETCO/consolidated/,Setco Automotive Limited,SETCO
1974,HOLMARC,HOLMARC,https://www.screener.in/company/HOLMARC/,Holmarc Opto-Mechatronics Limited,HOLMARC
1975,TIMESGTY,TIMESGTY,https://www.screener.in/company/TIMESGTY/,Times Guaranty Limited,TIMESGTY
1976,MAITREYA,MAITREYA,https://www.screener.in/company/MAITREYA/consolidated/,Maitreya Medicare Limited,MAITREYA
1977,NIBL,NIBL,https://www.screener.in/company/NIBL/,NRB Industrial Bearings Limited,NIBL
1978,SIGNORIA,SIGNORIA,https://www.screener.in/company/SIGNORIA/,Signoria Creation Limited,SIGNORIA
1979,KARMAENG,KARMAENG,https://www.screener.in/company/KARMAENG/,Karma Energy Limited,KARMAENG
1980,AVSL,AVSL,https://www.screener.in/company/AVSL/,AVSL Industries Limited,AVSL
1981,VELS,VELS,https://www.screener.in/company/VELS/consolidated/,Vels Film International Limited,VELS
1982,LATTEYS,LATTEYS,https://www.screener.in/company/LATTEYS/,Latteys Industries Limited,LATTEYS
1983,PNC,PNC,https://www.screener.in/company/PNC/consolidated/,Pritish Nandy Communications Limited,PNC
1984,MONOPHARMA,MONOPHARMA,https://www.screener.in/company/MONOPHARMA/consolidated/,Mono Pharmacare Limited,MONOPHARMA
1985,VERTEXPLUS,VERTEXPLUS,https://www.screener.in/company/VERTEXPLUS/consolidated/,Vertexplus Technologies Limited,VERTEXPLUS
1986,MVKAGRO,MVKAGRO,https://www.screener.in/company/MVKAGRO/,M.V.K. Agro Food Product Limited,MVKAGRO
1987,SVPGLOB,SVPGLOB,https://www.screener.in/company/SVPGLOB/consolidated/,SVP GLOBAL TEXTILES LIMITED,SVPGLOB
1988,DIL,DIL,https://www.screener.in/company/DIL/,Debock Industries Limited,DIL
1989,BALKRISHNA,BALKRISHNA,https://www.screener.in/company/BALKRISHNA/,Balkrishna Paper Mills Limited,BALKRISHNA
1990,MARCO,MARCO,https://www.screener.in/company/MARCO/,Marco Cables & Conductors Limited,MARCO
1991,ORIENTLTD,ORIENTLTD,https://www.screener.in/company/ORIENTLTD/,Orient Press Limited,ORIENTLTD
1992,RILINFRA,RILINFRA,https://www.screener.in/company/RILINFRA/,Rachana Infrastructure Limited,RILINFRA
1994,GTECJAINX,GTECJAINX,https://www.screener.in/company/GTECJAINX/consolidated/,G-TEC JAINX EDUCATION LIMITED,GTECJAINX
1995,YUDIZ,YUDIZ,https://www.screener.in/company/YUDIZ/,Yudiz Solutions Limited,YUDIZ
1996,AGROPHOS,AGROPHOS,https://www.screener.in/company/AGROPHOS/,Agro Phos India Limited,AGROPHOS
1997,SHUBHLAXMI,SHUBHLAXMI,https://www.screener.in/company/SHUBHLAXMI/,Shubhlaxmi Jewel Art Limited,SHUBHLAXMI
1998,MCON,MCON,https://www.screener.in/company/MCON/,Mcon Rasayan India Limited,MCON
2000,AISL,AISL,https://www.screener.in/company/AISL/,ANI Integrated Services Limited,AISL
2001,CPS,CPS,https://www.screener.in/company/CPS/,C P S Shapers Limited,CPS
2002,HOVS,HOVS,https://www.screener.in/company/HOVS/consolidated/,HOV Services Limited,HOVS
2003,KANANIIND,KANANIIND,https://www.screener.in/company/KANANIIND/consolidated/,Kanani Industries Limited,KANANIIND
2004,SHIVAMILLS,SHIVAMILLS,https://www.screener.in/company/SHIVAMILLS/,Shiva Mills Limited,SHIVAMILLS
2005,PRUDMOULI,PRUDMOULI,https://www.screener.in/company/PRUDMOULI/consolidated/,Prudential Sugar Corporation Limited,PRUDMOULI
2006,SCML,SCML,https://www.screener.in/company/SCML/,Sharp Chucks and Machines Limited,SCML
2007,AATMAJ,AATMAJ,https://www.screener.in/company/AATMAJ/,Aatmaj Healthcare Limited,AATMAJ
2008,KTL,KTL,https://www.screener.in/company/KTL/,Kalahridhaan Trendz Limited,KTL
2009,CEREBRAINT,CEREBRAINT,https://www.screener.in/company/CEREBRAINT/consolidated/,Cerebra Integrated Technologies Limited,CEREBRAINT
2010,EXCEL,EXCEL,https://www.screener.in/company/EXCEL/consolidated/,Excel Realty N Infra Limited,EXCEL
2011,SHEETAL,SHEETAL,https://www.screener.in/company/SHEETAL/consolidated/,Sheetal Universal Limited,SHEETAL
2012,GRAPHISAD,GRAPHISAD,https://www.screener.in/company/GRAPHISAD/consolidated/,Graphisads Limited,GRAPHISAD
2013,HECPROJECT,HECPROJECT,https://www.screener.in/company/HECPROJECT/,HEC Infra Projects Limited,HECPROJECT
2014,SECURCRED,SECURCRED,https://www.screener.in/company/SECURCRED/,SecUR Credentials Limited,SECURCRED
2015,AROGRANITE,AROGRANITE,https://www.screener.in/company/AROGRANITE/,Aro Granite Industries Limited,AROGRANITE
2016,MADHUCON,MADHUCON,https://www.screener.in/company/MADHUCON/consolidated/,Madhucon Projects Limited,MADHUCON
2017,WEWIN,WEWIN,https://www.screener.in/company/WEWIN/,WE WIN LIMITED,WEWIN
2018,KKVAPOW,KKVAPOW,https://www.screener.in/company/KKVAPOW/,KKV Agro Powers Limited,KKVAPOW
2019,RELIABLE,RELIABLE,https://www.screener.in/company/RELIABLE/consolidated/,Reliable Data Services Limited,RELIABLE
2020,AKSHAR,AKSHAR,https://www.screener.in/company/AKSHAR/,Akshar Spintex Limited,AKSHAR
2021,DHTL,DHTL,https://www.screener.in/company/DHTL/consolidated/,Docmode Health Technologies Limited,DHTL
2022,PERFECT,PERFECT,https://www.screener.in/company/PERFECT/,Perfect Infraengineers Limited,PERFECT
2023,MILTON,MILTON,https://www.screener.in/company/MILTON/,Milton Industries Limited,MILTON
2024,GOLDENTOBC,GOLDENTOBC,https://www.screener.in/company/GOLDENTOBC/consolidated/,Golden Tobacco Limited,GOLDENTOBC
2025,LEXUS,LEXUS,https://www.screener.in/company/LEXUS/,Lexus Granito (India) Limited,LEXUS
2026,MAGSON,MAGSON,https://www.screener.in/company/MAGSON/consolidated/,Magson Retail And Distribution Limited,MAGSON
2027,SERVICE,SERVICE,https://www.screener.in/company/SERVICE/,Service Care Limited,SERVICE
2028,ROML,ROML,https://www.screener.in/company/ROML/,Raj Oil Mills Limited,ROML
2029,NGIL,NGIL,https://www.screener.in/company/NGIL/,Nakoda Group of Industries Limited,NGIL
2030,CLSL,CLSL,https://www.screener.in/company/CLSL/,Crop Life Science Limited,CLSL
2031,OMFURN,OMFURN,https://www.screener.in/company/OMFURN/,Omfurn India Limited,OMFURN
2032,VIAZ,VIAZ,https://www.screener.in/company/VIAZ/,Viaz Tyres Limited,VIAZ
2033,TRIDHYA,TRIDHYA,https://www.screener.in/company/TRIDHYA/consolidated/,Tridhya Tech Limited,TRIDHYA
2034,BANG,BANG,https://www.screener.in/company/BANG/consolidated/,Bang Overseas Limited,BANG
2035,MORARJEE,MORARJEE,https://www.screener.in/company/MORARJEE/,Morarjee Textiles Limited,MORARJEE
2036,MANUGRAPH,MANUGRAPH,https://www.screener.in/company/MANUGRAPH/,Manugraph India Limited,MANUGRAPH
2037,MALUPAPER,MALUPAPER,https://www.screener.in/company/MALUPAPER/,Malu Paper Mills Limited,MALUPAPER
2038,UCL,UCL,https://www.screener.in/company/UCL/consolidated/,Ushanti Colour Chem Limited,UCL
2039,SIDDHIKA,SIDDHIKA,https://www.screener.in/company/SIDDHIKA/,Siddhika Coatings Limited,SIDDHIKA
2040,JAIPURKURT,JAIPURKURT,https://www.screener.in/company/JAIPURKURT/,Nandani Creation Limited,JAIPURKURT
2042,CELLPOINT,CELLPOINT,https://www.screener.in/company/CELLPOINT/,Cell Point (India) Limited,CELLPOINT
2043,MICROPRO,MICROPRO,https://www.screener.in/company/MICROPRO/,Micropro Software Solutions Limited,MICROPRO
2044,COMMITTED,COMMITTED,https://www.screener.in/company/COMMITTED/,Committed Cargo Care Limited,COMMITTED
2045,HBSL,HBSL,https://www.screener.in/company/HBSL/consolidated/,HB Stockholdings Limited,HBSL
2046,BANARBEADS,BANARBEADS,https://www.screener.in/company/BANARBEADS/,Banaras Beads Limited,BANARBEADS
2047,SANGANI,SANGANI,https://www.screener.in/company/SANGANI/consolidated/,Sangani Hospitals Limited,SANGANI
2049,JETFREIGHT,JETFREIGHT,https://www.screener.in/company/JETFREIGHT/consolidated/,Jet Freight Logistics Limited,JETFREIGHT
2050,MARSHALL,MARSHALL,https://www.screener.in/company/MARSHALL/,Marshall Machines Limited,MARSHALL
2051,ABMINTLLTD,ABMINTLLTD,https://www.screener.in/company/ABMINTLLTD/consolidated/,ABM International Limited,ABMINTLLTD
2052,TERASOFT,TERASOFT,https://www.screener.in/company/TERASOFT/,Tera Software Limited,TERASOFT
2053,AKG,AKG,https://www.screener.in/company/AKG/consolidated/,Akg Exim Limited,AKG
2054,PEARLPOLY,PEARLPOLY,https://www.screener.in/company/PEARLPOLY/,Pearl Polymers Limited,PEARLPOLY
2055,PODDARHOUS,PODDARHOUS,https://www.screener.in/company/PODDARHOUS/consolidated/,Poddar Housing and Development Limited,PODDARHOUS
2056,SHANTHALA,SHANTHALA,https://www.screener.in/company/SHANTHALA/,Shanthala FMCG Products Limited,SHANTHALA
2057,AARVEEDEN,AARVEEDEN,https://www.screener.in/company/AARVEEDEN/,Aarvee Denims & Exports Limited,AARVEEDEN
2058,REXPIPES,REXPIPES,https://www.screener.in/company/REXPIPES/,Rex Pipes And Cables Industries Limited,REXPIPES
2059,JETKNIT,JETKNIT,https://www.screener.in/company/JETKNIT/,Jet Knitwears Limited,JETKNIT
2060,ENSER,ENSER,https://www.screener.in/company/ENSER/,Enser Communications Limited,ENSER
2061,SHRENIK,SHRENIK,https://www.screener.in/company/SHRENIK/,Shrenik Limited,SHRENIK
2062,DNAMEDIA,DNAMEDIA,https://www.screener.in/company/DNAMEDIA/,Diligent Media Corporation Limited,DNAMEDIA
2063,MASTER,MASTER,https://www.screener.in/company/MASTER/,Master Components Limited,MASTER
2065,SILGO,SILGO,https://www.screener.in/company/SILGO/,Silgo Retail Limited,SILGO
2066,AKASH,AKASH,https://www.screener.in/company/AKASH/consolidated/,Akash Infra-Projects Limited,AKASH
2067,SEYAIND,SEYAIND,https://www.screener.in/company/SEYAIND/,Seya Industries Limited,SEYAIND
2068,AJOONI,AJOONI,https://www.screener.in/company/AJOONI/,Ajooni Biotech Limited,AJOONI
2069,TFL,TFL,https://www.screener.in/company/TFL/consolidated/,Transwarranty Finance Limited,TFL
2070,TAPIFRUIT,TAPIFRUIT,https://www.screener.in/company/TAPIFRUIT/,Tapi Fruit Processing Limited,TAPIFRUIT
2071,LFIC,LFIC,https://www.screener.in/company/LFIC/,Lakshmi Finance & Industrial Corporation Limited,LFIC
2072,WOMANCART,WOMANCART,https://www.screener.in/company/WOMANCART/consolidated/,Womancart Limited,WOMANCART
2073,ASLIND,ASLIND,https://www.screener.in/company/ASLIND/,ASL Industries Limited,ASLIND
2074,TIMESCAN,TIMESCAN,https://www.screener.in/company/TIMESCAN/,Timescan Logistics (India) Limited,TIMESCAN
2075,ANKITMETAL,ANKITMETAL,https://www.screener.in/company/ANKITMETAL/,Ankit Metal & Power Limited,ANKITMETAL
2076,ICDSLTD,ICDSLTD,https://www.screener.in/company/ICDSLTD/consolidated/,ICDS Limited,ICDSLTD
2077,YCCL,YCCL,https://www.screener.in/company/YCCL/consolidated/,Yasons Chemex Care Limited,YCCL
2078,UMA,UMA,https://www.screener.in/company/UMA/,Uma Converter Limited,UMA
2079,WALPAR,WALPAR,https://www.screener.in/company/WALPAR/consolidated/,Walpar Nutritions Limited,WALPAR
2080,SONUINFRA,SONUINFRA,https://www.screener.in/company/SONUINFRA/,Sonu Infratech Limited,SONUINFRA
2081,SEL,SEL,https://www.screener.in/company/SEL/,Sungarner Energies Limited,SEL
2082,LIBAS,LIBAS,https://www.screener.in/company/LIBAS/consolidated/,Libas Consumer Products Limited,LIBAS
2083,3PLAND,3PLAND,https://www.screener.in/company/3PLAND/consolidated/,3P Land Holdings Limited,3PLAND
2084,BURNPUR,BURNPUR,https://www.screener.in/company/BURNPUR/,Burnpur Cement Limited,BURNPUR
2085,SITINET,SITINET,https://www.screener.in/company/SITINET/consolidated/,Siti Networks Limited,SITINET
2086,RKDL,RKDL,https://www.screener.in/company/RKDL/,Ravi Kumar Distilleries Limited,RKDL
2087,MAKS,MAKS,https://www.screener.in/company/MAKS/,Maks Energy Solutions India Limited,MAKS
2088,SRPL,SRPL,https://www.screener.in/company/SRPL/,Shree Ram Proteins Limited,SRPL
2089,BMETRICS,BMETRICS,https://www.screener.in/company/BMETRICS/,Bombay Metrics Supply Chain Limited,BMETRICS
2090,ITALIANE,ITALIANE,https://www.screener.in/company/ITALIANE/,Italian Edibles Limited,ITALIANE
2091,LAXMICOT,LAXMICOT,https://www.screener.in/company/LAXMICOT/,Laxmi Cotspin Limited,LAXMICOT
2092,UWCSL,UWCSL,https://www.screener.in/company/UWCSL/,Ultra Wiring Connectivity System Limited,UWCSL
2093,TNTELE,TNTELE,https://www.screener.in/company/TNTELE/,Tamilnadu Telecommunication Limited,TNTELE
2094,AMBICAAGAR,AMBICAAGAR,https://www.screener.in/company/AMBICAAGAR/,Ambica Agarbathies & Aroma industries Limited,AMBICAAGAR
2095,ASHOKAMET,ASHOKAMET,https://www.screener.in/company/ASHOKAMET/consolidated/,Ashoka Metcast Limited,ASHOKAMET
2096,ADL,ADL,https://www.screener.in/company/ADL/,Archidply Decor Limited,ADL
2097,KHANDSE,KHANDSE,https://www.screener.in/company/KHANDSE/,Khandwala Securities Limited,KHANDSE
2098,VINEETLAB,VINEETLAB,https://www.screener.in/company/VINEETLAB/,Vineet Laboratories Limited,VINEETLAB
2099,TECHIN,TECHIN,https://www.screener.in/company/TECHIN/,Techindia Nirman Limited,TECHIN
2100,PATTECH,PATTECH,https://www.screener.in/company/PATTECH/,Pattech Fitwell Tube Components Limited,PATTECH
2101,CBAZAAR,CBAZAAR,https://www.screener.in/company/CBAZAAR/consolidated/,Net Avenue Technologies Limited,CBAZAAR
2102,BINANIIND,BINANIIND,https://www.screener.in/company/BINANIIND/consolidated/,Binani Industries Limited,BINANIIND
2103,21STCENMGM,21STCENMGM,https://www.screener.in/company/21STCENMGM/consolidated/,21st Century Management Services Limited,21STCENMGM
2104,KRIDHANINF,KRIDHANINF,https://www.screener.in/company/KRIDHANINF/consolidated/,Kridhan Infra Limited,KRIDHANINF
2105,GODHA,GODHA,https://www.screener.in/company/GODHA/,Godha Cabcon & Insulation Limited,GODHA
2106,JFLLIFE,JFLLIFE,https://www.screener.in/company/JFLLIFE/,Jfl Life Sciences Limited,JFLLIFE
2107,ISHAN,ISHAN,https://www.screener.in/company/ISHAN/consolidated/,Ishan International Limited,ISHAN
2108,NEXTMEDIA,NEXTMEDIA,https://www.screener.in/company/NEXTMEDIA/consolidated/,Next Mediaworks Limited,NEXTMEDIA
2109,SUULD,SUULD,https://www.screener.in/company/SUULD/consolidated/,Suumaya Industries Limited,SUULD
2110,ARISTO,ARISTO,https://www.screener.in/company/ARISTO/,Aristo Bio-Tech And Lifescience Limited,ARISTO
2111,TGBHOTELS,TGBHOTELS,https://www.screener.in/company/TGBHOTELS/,TGB Banquets And Hotels Limited,TGBHOTELS
2112,DKEGL,DKEGL,https://www.screener.in/company/DKEGL/consolidated/,D.K. Enterprises Global Limited,DKEGL
2113,MARINETRAN,MARINETRAN,https://www.screener.in/company/MARINETRAN/consolidated/,Marinetrans India Limited,MARINETRAN
2114,DESTINY,DESTINY,https://www.screener.in/company/DESTINY/,Destiny Logistics & Infra Limited,DESTINY
2115,FLFL,FLFL,https://www.screener.in/company/FLFL/consolidated/,Future Lifestyle Fashions Limited,FLFL
2116,ARSSINFRA,ARSSINFRA,https://www.screener.in/company/ARSSINFRA/consolidated/,ARSS Infrastructure Projects Limited,ARSSINFRA
2117,ONELIFECAP,ONELIFECAP,https://www.screener.in/company/ONELIFECAP/consolidated/,Onelife Capital Advisors Limited,ONELIFECAP
2118,INSPIRE,INSPIRE,https://www.screener.in/company/INSPIRE/,Inspire Films Limited,INSPIRE
2119,VSCL,VSCL,https://www.screener.in/company/VSCL/,Vadivarhe Speciality Chemicals Limited,VSCL
2120,SGL,SGL,https://www.screener.in/company/SGL/,STL Global Limited,SGL
2121,EDUCOMP,EDUCOMP,https://www.screener.in/company/EDUCOMP/,Educomp Solutions Limited,EDUCOMP
2122,SAGARDEEP,SAGARDEEP,https://www.screener.in/company/SAGARDEEP/,Sagardeep Alloys Limited,SAGARDEEP
2123,ROLLT,ROLLT,https://www.screener.in/company/ROLLT/consolidated/,Rollatainers Limited,ROLLT
2124,KONTOR,KONTOR,https://www.screener.in/company/KONTOR/,Kontor Space Limited,KONTOR
2126,AGARWALFT,AGARWALFT,https://www.screener.in/company/AGARWALFT/,Agarwal Float Glass India Limited,AGARWALFT
2127,TECILCHEM,TECILCHEM,https://www.screener.in/company/TECILCHEM/,TECIL Chemicals and Hydro Power Limited,TECILCHEM
2128,CMRSL,CMRSL,https://www.screener.in/company/CMRSL/consolidated/,Cyber Media Research & Services Limited,CMRSL
2129,NIDAN,NIDAN,https://www.screener.in/company/NIDAN/,Nidan Laboratories and Healthcare Limited,NIDAN
2130,UNIINFO,UNIINFO,https://www.screener.in/company/UNIINFO/consolidated/,Uniinfo Telecom Services Limited,UNIINFO
2131,COUNCODOS,COUNCODOS,https://www.screener.in/company/COUNCODOS/,Country Condo's Limited,COUNCODOS
2132,AMEYA,AMEYA,https://www.screener.in/company/AMEYA/,Ameya Precision Engineers Limited,AMEYA
2133,SUPERSPIN,SUPERSPIN,https://www.screener.in/company/SUPERSPIN/,Super Spinning Mills Limited,SUPERSPIN
2134,CYBERMEDIA,CYBERMEDIA,https://www.screener.in/company/CYBERMEDIA/consolidated/,Cyber Media (India) Limited,CYBERMEDIA
2135,TIJARIA,TIJARIA,https://www.screener.in/company/TIJARIA/,Tijaria Polypipes Limited,TIJARIA
2136,WILLAMAGOR,WILLAMAGOR,https://www.screener.in/company/WILLAMAGOR/,Williamson Magor & Company Limited,WILLAMAGOR
2137,GSTL,GSTL,https://www.screener.in/company/GSTL/,Globesecure Technologies Limited,GSTL
2138,COMPINFO,COMPINFO,https://www.screener.in/company/COMPINFO/consolidated/,Compuage Infocom Limited,COMPINFO
2140,POLYSIL,POLYSIL,https://www.screener.in/company/POLYSIL/,Polysil Irrigation Systems Limited,POLYSIL
2141,HAVISHA,HAVISHA,https://www.screener.in/company/HAVISHA/,Sri Havisha Hospitality and Infrastructure Limited,HAVISHA
2142,JIWANRAM,JIWANRAM,https://www.screener.in/company/JIWANRAM/,Jiwanram Sheoduttrai Industries Limited,JIWANRAM
2143,MADHAV,MADHAV,https://www.screener.in/company/MADHAV/consolidated/,Madhav Marbles and Granites Limited,MADHAV
2144,NKIND,NKIND,https://www.screener.in/company/NKIND/consolidated/,NK Industries Limited,NKIND
2145,SANGINITA,SANGINITA,https://www.screener.in/company/SANGINITA/,Sanginita Chemicals Limited,SANGINITA
2146,MEGAFLEX,MEGAFLEX,https://www.screener.in/company/MEGAFLEX/,Mega Flex Plastics Limited,MEGAFLEX
2147,ADROITINFO,ADROITINFO,https://www.screener.in/company/ADROITINFO/consolidated/,Adroit Infotech Limited,ADROITINFO
2148,FMNL,FMNL,https://www.screener.in/company/FMNL/consolidated/,Future Market Networks Limited,FMNL
2149,HEADSUP,HEADSUP,https://www.screener.in/company/HEADSUP/,Heads UP Ventures Limited,HEADSUP
2150,KEEPLEARN,KEEPLEARN,https://www.screener.in/company/KEEPLEARN/,DSJ Keep Learning Limited,KEEPLEARN
2151,ACEINTEG,ACEINTEG,https://www.screener.in/company/ACEINTEG/,Ace Integrated Solutions Limited,ACEINTEG
2152,VIVIDHA,VIVIDHA,https://www.screener.in/company/VIVIDHA/,Visagar Polytex Limited,VIVIDHA
2153,KCK,KCK,https://www.screener.in/company/KCK/,Kck Industries Limited,KCK
2154,SABAR,SABAR,https://www.screener.in/company/SABAR/,Sabar Flex India Limited,SABAR
2155,AGUL,AGUL,https://www.screener.in/company/AGUL/,A G Universal Limited,AGUL
2156,FSC,FSC,https://www.screener.in/company/FSC/,Future Supply Chain Solutions Limited,FSC
2157,GATECH,GATECH,https://www.screener.in/company/GATECH/,GACM Technologies Limited,GATECH
2158,IMPEXFERRO,IMPEXFERRO,https://www.screener.in/company/IMPEXFERRO/,Impex Ferro Tech Limited,IMPEXFERRO
2159,QFIL,QFIL,https://www.screener.in/company/QFIL/,Quality Foils (India) Limited,QFIL
2160,KHAITANLTD,KHAITANLTD,https://www.screener.in/company/KHAITANLTD/,Khaitan (India) Limited,KHAITANLTD
2161,NARMADA,NARMADA,https://www.screener.in/company/NARMADA/,Narmada Agrobase Limited,NARMADA
2162,FEL,FEL,https://www.screener.in/company/FEL/,Future Enterprises Limited,FEL
2163,GRETEX,GRETEX,https://www.screener.in/company/GRETEX/,Gretex Industries Limited,GRETEX
2164,VIJIFIN,VIJIFIN,https://www.screener.in/company/VIJIFIN/,Viji Finance Limited,VIJIFIN
2165,BOHRAIND,BOHRAIND,https://www.screener.in/company/BOHRAIND/,Bohra Industries Limited,BOHRAIND
2166,MOXSH,MOXSH,https://www.screener.in/company/MOXSH/,Moxsh Overseas Educon Limited,MOXSH
2167,MOHITIND,MOHITIND,https://www.screener.in/company/MOHITIND/consolidated/,Mohit Industries Limited,MOHITIND
2168,VILINBIO,VILINBIO,https://www.screener.in/company/VILINBIO/,Vilin Bio Med Limited,VILINBIO
2169,HRHNEXT,HRHNEXT,https://www.screener.in/company/HRHNEXT/,HRH Next Services Limited,HRHNEXT
2170,SUNREST,SUNREST,https://www.screener.in/company/SUNREST/,Sunrest Lifescience Limited,SUNREST
2171,SPRL,SPRL,https://www.screener.in/company/SPRL/,Sp Refractories Limited,SPRL
2172,HYBRIDFIN,HYBRIDFIN,https://www.screener.in/company/HYBRIDFIN/consolidated/,Hybrid Financial Services Limited,HYBRIDFIN
2173,VERA,VERA,https://www.screener.in/company/VERA/,Vera Synthetic Limited,VERA
2174,SAHAJ,SAHAJ,https://www.screener.in/company/SAHAJ/,Sahaj Fashions Limited,SAHAJ
2175,GOENKA,GOENKA,https://www.screener.in/company/GOENKA/consolidated/,Goenka Diamond and Jewels Limited,GOENKA
2176,QUADPRO,QUADPRO,https://www.screener.in/company/QUADPRO/,Quadpro Ites Limited,QUADPRO
2177,ANTGRAPHIC,ANTGRAPHIC,https://www.screener.in/company/ANTGRAPHIC/,Antarctica Limited,ANTGRAPHIC
2178,INDIFRA,INDIFRA,https://www.screener.in/company/INDIFRA/,Indifra Limited,INDIFRA
2179,ORIENTALTL,ORIENTALTL,https://www.screener.in/company/ORIENTALTL/,Oriental Trimex Limited,ORIENTALTL
2180,LCCINFOTEC,LCCINFOTEC,https://www.screener.in/company/LCCINFOTEC/consolidated/,LCC Infotech Limited,LCCINFOTEC
2181,LRRPL,LRRPL,https://www.screener.in/company/LRRPL/,Lead Reclaim And Rubber Products Limited,LRRPL
2182,MASKINVEST,MASKINVEST,https://www.screener.in/company/MASKINVEST/,Mask Investments Limited,MASKINVEST
2183,OLIL,OLIL,https://www.screener.in/company/OLIL/,Oneclick Logistics India Limited,OLIL
2184,KAVVERITEL,KAVVERITEL,https://www.screener.in/company/KAVVERITEL/consolidated/,Kavveri Telecom Products Limited,KAVVERITEL
2185,MITTAL,MITTAL,https://www.screener.in/company/MITTAL/,Mittal Life Style Limited,MITTAL
2186,GUJRAFFIA,GUJRAFFIA,https://www.screener.in/company/GUJRAFFIA/,Gujarat Raffia Industries Limited,GUJRAFFIA
2187,KSHITIJPOL,KSHITIJPOL,https://www.screener.in/company/KSHITIJPOL/consolidated/,Kshitij Polyline Limited,KSHITIJPOL
2188,CONTI,CONTI,https://www.screener.in/company/CONTI/,Continental Seeds and Chemicals Limited,CONTI
2189,GLFL,GLFL,https://www.screener.in/company/GLFL/,Gujarat Lease Financing Limited,GLFL
2191,CALSOFT,CALSOFT,https://www.screener.in/company/CALSOFT/consolidated/,California Software Company Limited,CALSOFT
2192,AILIMITED,AILIMITED,https://www.screener.in/company/AILIMITED/,Abhishek Integrations Limited,AILIMITED
2193,KANDARP,KANDARP,https://www.screener.in/company/KANDARP/,Kandarp Digi Smart BPO Limited,KANDARP
2194,PLADAINFO,PLADAINFO,https://www.screener.in/company/PLADAINFO/,Plada Infotech Services Limited,PLADAINFO
2195,MTEDUCARE,MTEDUCARE,https://www.screener.in/company/MTEDUCARE/consolidated/,MT Educare Limited,MTEDUCARE
2196,WINSOME,WINSOME,https://www.screener.in/company/WINSOME/,Winsome Yarns Limited,WINSOME
2197,KAUSHALYA,KAUSHALYA,https://www.screener.in/company/KAUSHALYA/consolidated/,Kaushalya Infrastructure Development Corporation Limited,KAUSHALYA
2198,DRL,DRL,https://www.screener.in/company/DRL/consolidated/,Dhanuka Realty Limited,DRL
2199,BRIGHT,BRIGHT,https://www.screener.in/company/BRIGHT/,Bright Solar Limited,BRIGHT
2200,NAGREEKCAP,NAGREEKCAP,https://www.screener.in/company/NAGREEKCAP/,Nagreeka Capital & Infrastructure Limited,NAGREEKCAP
2201,TVVISION,TVVISION,https://www.screener.in/company/TVVISION/,TV Vision Limited,TVVISION
2202,VCL,VCL,https://www.screener.in/company/VCL/,Vaxtex Cotfab Limited,VCL
2203,TRANSWIND,TRANSWIND,https://www.screener.in/company/TRANSWIND/,Transwind Infrastructures Limited,TRANSWIND
2204,DIGJAMLMTD,DIGJAMLMTD,https://www.screener.in/company/DIGJAMLMTD/,Digjam Limited,DIGJAMLMTD
2205,RITEZONE,RITEZONE,https://www.screener.in/company/RITEZONE/,Rite Zone Chemcon India Limited,RITEZONE
2206,SHANTI,SHANTI,https://www.screener.in/company/SHANTI/consolidated/,Shanti Overseas (India) Limited,SHANTI
2207,LYPSAGEMS,LYPSAGEMS,https://www.screener.in/company/LYPSAGEMS/consolidated/,Lypsa Gems & Jewellery Limited,LYPSAGEMS
2208,RICHA,RICHA,https://www.screener.in/company/RICHA/,Richa Info Systems Limited,RICHA
2209,MANAV,MANAV,https://www.screener.in/company/MANAV/,Manav Infra Projects Limited,MANAV
2210,NORBTEAEXP,NORBTEAEXP,https://www.screener.in/company/NORBTEAEXP/,Norben Tea & Exports Limited,NORBTEAEXP
2211,TARAPUR,TARAPUR,https://www.screener.in/company/TARAPUR/,Tarapur Transformers Limited,TARAPUR
2212,BLUECHIP,BLUECHIP,https://www.screener.in/company/BLUECHIP/,Blue Chip India Limited,BLUECHIP
2213,VIVO,VIVO,https://www.screener.in/company/VIVO/,Vivo Collaboration Solutions Limited,VIVO
2214,SAROJA,SAROJA,https://www.screener.in/company/SAROJA/,Saroja Pharma Industries India Limited,SAROJA
2215,JAKHARIA,JAKHARIA,https://www.screener.in/company/JAKHARIA/consolidated/,JAKHARIA FABRIC LIMITED,JAKHARIA
2216,MPTODAY,MPTODAY,https://www.screener.in/company/MPTODAY/,Madhya Pradesh Today Media Limited,MPTODAY
2217,SILLYMONKS,SILLYMONKS,https://www.screener.in/company/SILLYMONKS/consolidated/,Silly Monks Entertainment Limited,SILLYMONKS
2218,EUROTEXIND,EUROTEXIND,https://www.screener.in/company/EUROTEXIND/,Eurotex Industries and Exports Limited,EUROTEXIND
2219,AMIABLE,AMIABLE,https://www.screener.in/company/AMIABLE/,Amiable Logistics (India) Limited,AMIABLE
2220,UMESLTD,UMESLTD,https://www.screener.in/company/UMESLTD/consolidated/,Usha Martin Education & Solutions Limited,UMESLTD
2221,OMKARCHEM,OMKARCHEM,https://www.screener.in/company/OMKARCHEM/,Omkar Speciality Chemicals Limited,OMKARCHEM
2222,ARENTERP,ARENTERP,https://www.screener.in/company/ARENTERP/,Rajdarshan Industries Limited,ARENTERP
2223,NIRAJISPAT,NIRAJISPAT,https://www.screener.in/company/NIRAJISPAT/,Niraj Ispat Industries Limited,NIRAJISPAT
2224,ACCORD,ACCORD,https://www.screener.in/company/ACCORD/,Accord Synergy Limited,ACCORD
2225,SHYAMTEL,SHYAMTEL,https://www.screener.in/company/SHYAMTEL/,Shyam Telecom Limited,SHYAMTEL
2226,SMVD,SMVD,https://www.screener.in/company/SMVD/consolidated/,SMVD Poly Pack Limited,SMVD
2227,DCMFINSERV,DCMFINSERV,https://www.screener.in/company/DCMFINSERV/consolidated/,DCM Financial Services Limited,DCMFINSERV
2228,PREMIER,PREMIER,https://www.screener.in/company/PREMIER/consolidated/,Premier Limited,PREMIER
2229,CREATIVEYE,CREATIVEYE,https://www.screener.in/company/CREATIVEYE/,Creative Eye Limited,CREATIVEYE
2230,AHIMSA,AHIMSA,https://www.screener.in/company/AHIMSA/,Ahimsa Industries Limited,AHIMSA
2231,ALPSINDUS,ALPSINDUS,https://www.screener.in/company/ALPSINDUS/consolidated/,Alps Industries Limited,ALPSINDUS
2232,JALAN,JALAN,https://www.screener.in/company/JALAN/,Jalan Transolutions (India) Limited,JALAN
2233,SABEVENTS,SABEVENTS,https://www.screener.in/company/SABEVENTS/,Sab Events & Governance Now Media Limited,SABEVENTS
2234,SANCO,SANCO,https://www.screener.in/company/SANCO/,Sanco Industries Limited,SANCO
2235,LAKPRE,LAKPRE,https://www.screener.in/company/LAKPRE/,Lakshmi Precision Screws Limited,LAKPRE
2236,VASA,VASA,https://www.screener.in/company/VASA/,Vasa Retail and Overseas Ltd,VASA
2237,CMMIPL,CMMIPL,https://www.screener.in/company/CMMIPL/,CMM Infraprojects Limited,CMMIPL
2238,STYLEBAAZA,STYLEBAAZA,https://www.screener.in/company/STYLEBAAZA/,Baazar Style Retail Ltd,STYLEBAAZA